Fecha;Energía Activa;Energía Reactiva;Potencia Activa
01-03-2026 00:15;225.6;67.2;902.4
01-03-2026 00:30;220.8;69.6;883.2
01-03-2026 00:45;216;67.2;864
01-03-2026 01:00;211.2;67.2;844.8
01-03-2026 01:15;211.2;69.6;844.8
01-03-2026 01:30;204;69.6;816
01-03-2026 01:45;199.2;69.6;796.8
01-03-2026 02:00;194.4;67.2;777.6
01-03-2026 02:15;189.6;67.2;758.4
01-03-2026 02:30;187.2;67.2;748.8
01-03-2026 02:45;184.8;64.8;739.2
01-03-2026 03:00;182.4;67.2;729.6
01-03-2026 03:15;182.4;69.6;729.6
01-03-2026 03:30;184.8;72;739.2
01-03-2026 03:45;180;69.6;720
01-03-2026 04:00;177.6;69.6;710.4
01-03-2026 04:15;175.2;67.2;700.8
01-03-2026 04:30;175.2;67.2;700.8
01-03-2026 04:45;172.8;67.2;691.2
01-03-2026 05:00;168;67.2;672
01-03-2026 05:15;170.4;67.2;681.6
01-03-2026 05:30;168;64.8;672
01-03-2026 05:45;165.6;64.8;662.4
01-03-2026 06:00;163.2;64.8;652.8
01-03-2026 06:15;170.4;64.8;681.6
01-03-2026 06:30;168;67.2;672
01-03-2026 06:45;153.6;64.8;614.4
01-03-2026 07:00;139.2;72;556.8
01-03-2026 07:15;134.4;74.4;537.6
01-03-2026 07:30;134.4;74.4;537.6
01-03-2026 07:45;139.2;72;556.8
01-03-2026 08:00;139.2;74.4;556.8
01-03-2026 08:15;141.6;74.4;566.4
01-03-2026 08:30;146.4;74.4;585.6
01-03-2026 08:45;153.6;74.4;614.4
01-03-2026 09:00;158.4;76.8;633.6
01-03-2026 09:15;163.2;76.8;652.8
01-03-2026 09:30;170.4;76.8;681.6
01-03-2026 09:45;175.2;74.4;700.8
01-03-2026 10:00;177.6;76.8;710.4
01-03-2026 10:15;177.6;79.2;710.4
01-03-2026 10:30;184.8;79.2;739.2
01-03-2026 10:45;189.6;84;758.4
01-03-2026 11:00;189.6;79.2;758.4
01-03-2026 11:15;192;81.6;768
01-03-2026 11:30;201.6;84;806.4
01-03-2026 11:45;208.8;84;835.2
01-03-2026 12:00;211.2;79.2;844.8
01-03-2026 12:15;216;81.6;864
01-03-2026 12:30;223.2;81.6;892.8
01-03-2026 12:45;220.8;76.8;883.2
01-03-2026 13:00;225.6;79.2;902.4
01-03-2026 13:15;225.6;76.8;902.4
01-03-2026 13:30;220.8;76.8;883.2
01-03-2026 13:45;228;76.8;912
01-03-2026 14:00;228;76.8;912
01-03-2026 14:15;225.6;74.4;902.4
01-03-2026 14:30;230.4;74.4;921.6
01-03-2026 14:45;230.4;76.8;921.6
01-03-2026 15:00;230.4;74.4;921.6
01-03-2026 15:15;232.8;74.4;931.2
01-03-2026 15:30;240;76.8;960
01-03-2026 15:45;240;72;960
01-03-2026 16:00;244.8;76.8;979.2
01-03-2026 16:15;254.4;76.8;1017.6
01-03-2026 16:30;252;76.8;1008
01-03-2026 16:45;252;76.8;1008
01-03-2026 17:00;256.8;76.8;1027.2
01-03-2026 17:15;256.8;79.2;1027.2
01-03-2026 17:30;249.6;79.2;998.4
01-03-2026 17:45;244.8;76.8;979.2
01-03-2026 18:00;244.8;76.8;979.2
01-03-2026 18:15;244.8;76.8;979.2
01-03-2026 18:30;240;79.2;960
01-03-2026 18:45;235.2;76.8;940.8
01-03-2026 19:00;228;79.2;912
01-03-2026 19:15;223.2;79.2;892.8
01-03-2026 19:30;223.2;81.6;892.8
01-03-2026 19:45;223.2;79.2;892.8
01-03-2026 20:00;240;74.4;960
01-03-2026 20:15;266.4;67.2;1065.6
01-03-2026 20:30;283.2;62.4;1132.8
01-03-2026 20:45;290.4;64.8;1161.6
01-03-2026 21:00;302.4;62.4;1209.6
01-03-2026 21:15;302.4;62.4;1209.6
01-03-2026 21:30;285.6;64.8;1142.4
01-03-2026 21:45;278.4;60;1113.6
01-03-2026 22:00;278.4;60;1113.6
01-03-2026 22:15;278.4;64.8;1113.6
01-03-2026 22:30;273.6;64.8;1094.4
01-03-2026 22:45;268.8;64.8;1075.2
01-03-2026 23:00;259.2;62.4;1036.8
01-03-2026 23:15;256.8;64.8;1027.2
01-03-2026 23:30;256.8;64.8;1027.2
01-03-2026 23:45;247.2;64.8;988.8
02-03-2026 00:00;242.4;64.8;969.6
02-03-2026 00:15;232.8;64.8;931.2
02-03-2026 00:30;225.6;67.2;902.4
02-03-2026 00:45;220.8;64.8;883.2
02-03-2026 01:00;216;67.2;864
02-03-2026 01:15;213.6;69.6;854.4
02-03-2026 01:30;211.2;67.2;844.8
02-03-2026 01:45;206.4;67.2;825.6
02-03-2026 02:00;201.6;69.6;806.4
02-03-2026 02:15;194.4;72;777.6
02-03-2026 02:30;194.4;69.6;777.6
02-03-2026 02:45;189.6;69.6;758.4
02-03-2026 03:00;187.2;69.6;748.8
02-03-2026 03:15;187.2;69.6;748.8
02-03-2026 03:30;184.8;72;739.2
02-03-2026 03:45;187.2;72;748.8
02-03-2026 04:00;182.4;72;729.6
02-03-2026 04:15;177.6;69.6;710.4
02-03-2026 04:30;180;72;720
02-03-2026 04:45;177.6;69.6;710.4
02-03-2026 05:00;177.6;69.6;710.4
02-03-2026 05:15;175.2;67.2;700.8
02-03-2026 05:30;175.2;69.6;700.8
02-03-2026 05:45;172.8;67.2;691.2
02-03-2026 06:00;172.8;69.6;691.2
02-03-2026 06:15;172.8;67.2;691.2
02-03-2026 06:30;175.2;64.8;700.8
02-03-2026 06:45;160.8;67.2;643.2
02-03-2026 07:00;151.2;72;604.8
02-03-2026 07:15;153.6;72;614.4
02-03-2026 07:30;148.8;74.4;595.2
02-03-2026 07:45;151.2;69.6;604.8
02-03-2026 08:00;156;72;624
02-03-2026 08:15;160.8;76.8;643.2
02-03-2026 08:30;163.2;76.8;652.8
02-03-2026 08:45;165.6;74.4;662.4
02-03-2026 09:00;165.6;76.8;662.4
02-03-2026 09:15;163.2;74.4;652.8
02-03-2026 09:30;172.8;81.6;691.2
02-03-2026 09:45;180;79.2;720
02-03-2026 10:00;180;79.2;720
02-03-2026 10:15;184.8;84;739.2
02-03-2026 10:30;192;84;768
02-03-2026 10:45;194.4;84;777.6
02-03-2026 11:00;204;88.8;816
02-03-2026 11:15;206.4;91.2;825.6
02-03-2026 11:30;208.8;91.2;835.2
02-03-2026 11:45;216;88.8;864
02-03-2026 12:00;216;91.2;864
02-03-2026 12:15;220.8;86.4;883.2
02-03-2026 12:30;230.4;88.8;921.6
02-03-2026 12:45;237.6;91.2;950.4
02-03-2026 13:00;232.8;91.2;931.2
02-03-2026 13:15;232.8;86.4;931.2
02-03-2026 13:30;240;84;960
02-03-2026 13:45;244.8;84;979.2
02-03-2026 14:00;247.2;84;988.8
02-03-2026 14:15;254.4;86.4;1017.6
02-03-2026 14:30;256.8;84;1027.2
02-03-2026 14:45;261.6;86.4;1046.4
02-03-2026 15:00;268.8;91.2;1075.2
02-03-2026 15:15;271.2;91.2;1084.8
02-03-2026 15:30;273.6;91.2;1094.4
02-03-2026 15:45;278.4;93.6;1113.6
02-03-2026 16:00;278.4;91.2;1113.6
02-03-2026 16:15;273.6;88.8;1094.4
02-03-2026 16:30;278.4;91.2;1113.6
02-03-2026 16:45;271.2;88.8;1084.8
02-03-2026 17:00;271.2;91.2;1084.8
02-03-2026 17:15;283.2;93.6;1132.8
02-03-2026 17:30;283.2;91.2;1132.8
02-03-2026 17:45;280.8;88.8;1123.2
02-03-2026 18:00;283.2;91.2;1132.8
02-03-2026 18:15;283.2;93.6;1132.8
02-03-2026 18:30;271.2;91.2;1084.8
02-03-2026 18:45;268.8;91.2;1075.2
02-03-2026 19:00;266.4;88.8;1065.6
02-03-2026 19:15;261.6;91.2;1046.4
02-03-2026 19:30;266.4;88.8;1065.6
02-03-2026 19:45;278.4;86.4;1113.6
02-03-2026 20:00;304.8;79.2;1219.2
02-03-2026 20:15;328.8;79.2;1315.2
02-03-2026 20:30;338.4;76.8;1353.6
02-03-2026 20:45;343.2;74.4;1372.8
02-03-2026 21:00;340.8;69.6;1363.2
02-03-2026 21:15;333.6;69.6;1334.4
02-03-2026 21:30;333.6;69.6;1334.4
02-03-2026 21:45;328.8;69.6;1315.2
02-03-2026 22:00;319.2;67.2;1276.8
02-03-2026 22:15;319.2;72;1276.8
02-03-2026 22:30;307.2;72;1228.8
02-03-2026 22:45;292.8;69.6;1171.2
02-03-2026 23:00;292.8;67.2;1171.2
02-03-2026 23:15;283.2;64.8;1132.8
02-03-2026 23:30;276;67.2;1104
02-03-2026 23:45;273.6;67.2;1094.4
03-03-2026 00:00;266.4;67.2;1065.6
03-03-2026 00:15;256.8;67.2;1027.2
03-03-2026 00:30;240;72;960
03-03-2026 00:45;228;74.4;912
03-03-2026 01:00;220.8;69.6;883.2
03-03-2026 01:15;213.6;67.2;854.4
03-03-2026 01:30;208.8;72;835.2
03-03-2026 01:45;204;72;816
03-03-2026 02:00;201.6;69.6;806.4
03-03-2026 02:15;196.8;72;787.2
03-03-2026 02:30;192;72;768
03-03-2026 02:45;187.2;72;748.8
03-03-2026 03:00;184.8;72;739.2
03-03-2026 03:15;182.4;64.8;729.6
03-03-2026 03:30;182.4;67.2;729.6
03-03-2026 03:45;180;62.4;720
03-03-2026 04:00;177.6;67.2;710.4
03-03-2026 04:15;172.8;64.8;691.2
03-03-2026 04:30;175.2;64.8;700.8
03-03-2026 04:45;172.8;64.8;691.2
03-03-2026 05:00;172.8;64.8;691.2
03-03-2026 05:15;172.8;64.8;691.2
03-03-2026 05:30;170.4;62.4;681.6
03-03-2026 05:45;170.4;67.2;681.6
03-03-2026 06:00;175.2;67.2;700.8
03-03-2026 06:15;180;67.2;720
03-03-2026 06:30;177.6;67.2;710.4
03-03-2026 06:45;177.6;64.8;710.4
03-03-2026 07:00;180;64.8;720
03-03-2026 07:15;168;64.8;672
03-03-2026 07:30;158.4;67.2;633.6
03-03-2026 07:45;151.2;72;604.8
03-03-2026 08:00;163.2;72;652.8
03-03-2026 08:15;168;74.4;672
03-03-2026 08:30;170.4;79.2;681.6
03-03-2026 08:45;168;79.2;672
03-03-2026 09:00;172.8;81.6;691.2
03-03-2026 09:15;168;76.8;672
03-03-2026 09:30;177.6;79.2;710.4
03-03-2026 09:45;175.2;76.8;700.8
03-03-2026 10:00;175.2;76.8;700.8
03-03-2026 10:15;177.6;76.8;710.4
03-03-2026 10:30;175.2;76.8;700.8
03-03-2026 10:45;180;79.2;720
03-03-2026 11:00;180;76.8;720
03-03-2026 11:15;184.8;79.2;739.2
03-03-2026 11:30;187.2;79.2;748.8
03-03-2026 11:45;194.4;84;777.6
03-03-2026 12:00;189.6;81.6;758.4
03-03-2026 12:15;192;81.6;768
03-03-2026 12:30;192;79.2;768
03-03-2026 12:45;187.2;79.2;748.8
03-03-2026 13:00;194.4;79.2;777.6
03-03-2026 13:15;187.2;81.6;748.8
03-03-2026 13:30;187.2;79.2;748.8
03-03-2026 13:45;189.6;81.6;758.4
03-03-2026 14:00;196.8;81.6;787.2
03-03-2026 14:15;189.6;81.6;758.4
03-03-2026 14:30;194.4;76.8;777.6
03-03-2026 14:45;187.2;76.8;748.8
03-03-2026 15:00;192;76.8;768
03-03-2026 15:15;196.8;79.2;787.2
03-03-2026 15:30;199.2;84;796.8
03-03-2026 15:45;196.8;81.6;787.2
03-03-2026 16:00;196.8;81.6;787.2
03-03-2026 16:15;194.4;79.2;777.6
03-03-2026 16:30;199.2;84;796.8
03-03-2026 16:45;196.8;79.2;787.2
03-03-2026 17:00;204;84;816
03-03-2026 17:15;208.8;79.2;835.2
03-03-2026 17:30;211.2;84;844.8
03-03-2026 17:45;211.2;76.8;844.8
03-03-2026 18:00;211.2;81.6;844.8
03-03-2026 18:15;213.6;79.2;854.4
03-03-2026 18:30;213.6;79.2;854.4
03-03-2026 18:45;218.4;79.2;873.6
03-03-2026 19:00;218.4;79.2;873.6
03-03-2026 19:15;225.6;81.6;902.4
03-03-2026 19:30;225.6;76.8;902.4
03-03-2026 19:45;232.8;76.8;931.2
03-03-2026 20:00;249.6;69.6;998.4
03-03-2026 20:15;261.6;64.8;1046.4
03-03-2026 20:30;271.2;64.8;1084.8
03-03-2026 20:45;273.6;60;1094.4
03-03-2026 21:00;278.4;62.4;1113.6
03-03-2026 21:15;264;60;1056
03-03-2026 21:30;259.2;60;1036.8
03-03-2026 21:45;264;62.4;1056
03-03-2026 22:00;254.4;60;1017.6
03-03-2026 22:15;247.2;62.4;988.8
03-03-2026 22:30;240;62.4;960
03-03-2026 22:45;230.4;62.4;921.6
03-03-2026 23:00;230.4;62.4;921.6
03-03-2026 23:15;223.2;62.4;892.8
03-03-2026 23:30;216;57.6;864
03-03-2026 23:45;216;60;864
04-03-2026 00:00;201.6;57.6;806.4
04-03-2026 00:15;196.8;64.8;787.2
04-03-2026 00:30;192;62.4;768
04-03-2026 00:45;184.8;62.4;739.2
04-03-2026 01:00;182.4;60;729.6
04-03-2026 01:15;175.2;52.8;700.8
04-03-2026 01:30;172.8;57.6;691.2
04-03-2026 01:45;168;52.8;672
04-03-2026 02:00;165.6;52.8;662.4
04-03-2026 02:15;160.8;57.6;643.2
04-03-2026 02:30;160.8;55.2;643.2
04-03-2026 02:45;158.4;55.2;633.6
04-03-2026 03:00;158.4;57.6;633.6
04-03-2026 03:15;158.4;57.6;633.6
04-03-2026 03:30;156;57.6;624
04-03-2026 03:45;156;55.2;624
04-03-2026 04:00;151.2;52.8;604.8
04-03-2026 04:15;148.8;52.8;595.2
04-03-2026 04:30;151.2;52.8;604.8
04-03-2026 04:45;151.2;55.2;604.8
04-03-2026 05:00;151.2;52.8;604.8
04-03-2026 05:15;153.6;50.4;614.4
04-03-2026 05:30;153.6;50.4;614.4
04-03-2026 05:45;151.2;50.4;604.8
04-03-2026 06:00;158.4;52.8;633.6
04-03-2026 06:15;165.6;52.8;662.4
04-03-2026 06:30;165.6;50.4;662.4
04-03-2026 06:45;165.6;52.8;662.4
04-03-2026 07:00;156;57.6;624
04-03-2026 07:15;139.2;62.4;556.8
04-03-2026 07:30;139.2;60;556.8
04-03-2026 07:45;136.8;62.4;547.2
04-03-2026 08:00;139.2;60;556.8
04-03-2026 08:15;151.2;62.4;604.8
04-03-2026 08:30;156;62.4;624
04-03-2026 08:45;148.8;62.4;595.2
04-03-2026 09:00;156;62.4;624
04-03-2026 09:15;160.8;64.8;643.2
04-03-2026 09:30;163.2;64.8;652.8
04-03-2026 09:45;170.4;67.2;681.6
04-03-2026 10:00;170.4;64.8;681.6
04-03-2026 10:15;172.8;67.2;691.2
04-03-2026 10:30;177.6;62.4;710.4
04-03-2026 10:45;189.6;67.2;758.4
04-03-2026 11:00;199.2;67.2;796.8
04-03-2026 11:15;206.4;74.4;825.6
04-03-2026 11:30;208.8;76.8;835.2
04-03-2026 11:45;218.4;76.8;873.6
04-03-2026 12:00;220.8;76.8;883.2
04-03-2026 12:15;216;76.8;864
04-03-2026 12:30;218.4;74.4;873.6
04-03-2026 12:45;225.6;74.4;902.4
04-03-2026 13:00;232.8;76.8;931.2
04-03-2026 13:15;223.2;74.4;892.8
04-03-2026 13:30;223.2;72;892.8
04-03-2026 13:45;223.2;74.4;892.8
04-03-2026 14:00;228;69.6;912
04-03-2026 14:15;232.8;72;931.2
04-03-2026 14:30;237.6;72;950.4
04-03-2026 14:45;237.6;72;950.4
04-03-2026 15:00;247.2;74.4;988.8
04-03-2026 15:15;247.2;74.4;988.8
04-03-2026 15:30;252;76.8;1008
04-03-2026 15:45;259.2;72;1036.8
04-03-2026 16:00;259.2;74.4;1036.8
04-03-2026 16:15;261.6;76.8;1046.4
04-03-2026 16:30;264;74.4;1056
04-03-2026 16:45;259.2;76.8;1036.8
04-03-2026 17:00;252;76.8;1008
04-03-2026 17:15;261.6;79.2;1046.4
04-03-2026 17:30;261.6;81.6;1046.4
04-03-2026 17:45;256.8;79.2;1027.2
04-03-2026 18:00;252;81.6;1008
04-03-2026 18:15;252;84;1008
04-03-2026 18:30;254.4;84;1017.6
04-03-2026 18:45;247.2;84;988.8
04-03-2026 19:00;252;84;1008
04-03-2026 19:15;254.4;84;1017.6
04-03-2026 19:30;256.8;86.4;1027.2
04-03-2026 19:45;266.4;79.2;1065.6
04-03-2026 20:00;283.2;72;1132.8
04-03-2026 20:15;297.6;64.8;1190.4
04-03-2026 20:30;304.8;64.8;1219.2
04-03-2026 20:45;304.8;67.2;1219.2
04-03-2026 21:00;309.6;67.2;1238.4
04-03-2026 21:15;307.2;64.8;1228.8
04-03-2026 21:30;304.8;69.6;1219.2
04-03-2026 21:45;300;67.2;1200
04-03-2026 22:00;297.6;64.8;1190.4
04-03-2026 22:15;290.4;69.6;1161.6
04-03-2026 22:30;276;67.2;1104
04-03-2026 22:45;266.4;67.2;1065.6
04-03-2026 23:00;252;67.2;1008
04-03-2026 23:15;249.6;67.2;998.4
04-03-2026 23:30;244.8;67.2;979.2
04-03-2026 23:45;237.6;69.6;950.4
05-03-2026 00:00;230.4;67.2;921.6
05-03-2026 00:15;220.8;64.8;883.2
05-03-2026 00:30;213.6;67.2;854.4
05-03-2026 00:45;206.4;67.2;825.6
05-03-2026 01:00;206.4;67.2;825.6
05-03-2026 01:15;199.2;69.6;796.8
05-03-2026 01:30;194.4;67.2;777.6
05-03-2026 01:45;192;67.2;768
05-03-2026 02:00;182.4;64.8;729.6
05-03-2026 02:15;182.4;67.2;729.6
05-03-2026 02:30;180;67.2;720
05-03-2026 02:45;175.2;67.2;700.8
05-03-2026 03:00;175.2;64.8;700.8
05-03-2026 03:15;175.2;69.6;700.8
05-03-2026 03:30;170.4;67.2;681.6
05-03-2026 03:45;172.8;67.2;691.2
05-03-2026 04:00;170.4;69.6;681.6
05-03-2026 04:15;168;67.2;672
05-03-2026 04:30;165.6;64.8;662.4
05-03-2026 04:45;165.6;64.8;662.4
05-03-2026 05:00;168;67.2;672
05-03-2026 05:15;165.6;67.2;662.4
05-03-2026 05:30;168;67.2;672
05-03-2026 05:45;168;67.2;672
05-03-2026 06:00;172.8;67.2;691.2
05-03-2026 06:15;180;69.6;720
05-03-2026 06:30;182.4;67.2;729.6
05-03-2026 06:45;180;62.4;720
05-03-2026 07:00;158.4;69.6;633.6
05-03-2026 07:15;153.6;72;614.4
05-03-2026 07:30;153.6;72;614.4
05-03-2026 07:45;153.6;72;614.4
05-03-2026 08:00;158.4;69.6;633.6
05-03-2026 08:15;168;74.4;672
05-03-2026 08:30;170.4;79.2;681.6
05-03-2026 08:45;177.6;81.6;710.4
05-03-2026 09:00;182.4;79.2;729.6
05-03-2026 09:15;180;81.6;720
05-03-2026 09:30;180;79.2;720
05-03-2026 09:45;182.4;74.4;729.6
05-03-2026 10:00;184.8;76.8;739.2
05-03-2026 10:15;184.8;76.8;739.2
05-03-2026 10:30;192;76.8;768
05-03-2026 10:45;192;76.8;768
05-03-2026 11:00;201.6;79.2;806.4
05-03-2026 11:15;201.6;76.8;806.4
05-03-2026 11:30;204;76.8;816
05-03-2026 11:45;216;76.8;864
05-03-2026 12:00;208.8;76.8;835.2
05-03-2026 12:15;206.4;74.4;825.6
05-03-2026 12:30;204;72;816
05-03-2026 12:45;204;74.4;816
05-03-2026 13:00;216;72;864
05-03-2026 13:15;211.2;74.4;844.8
05-03-2026 13:30;216;74.4;864
05-03-2026 13:45;223.2;81.6;892.8
05-03-2026 14:00;228;84;912
05-03-2026 14:15;232.8;76.8;931.2
05-03-2026 14:30;235.2;74.4;940.8
05-03-2026 14:45;230.4;79.2;921.6
05-03-2026 15:00;232.8;76.8;931.2
05-03-2026 15:15;237.6;79.2;950.4
05-03-2026 15:30;240;79.2;960
05-03-2026 15:45;249.6;81.6;998.4
05-03-2026 16:00;249.6;84;998.4
05-03-2026 16:15;249.6;79.2;998.4
05-03-2026 16:30;256.8;84;1027.2
05-03-2026 16:45;252;81.6;1008
05-03-2026 17:00;249.6;81.6;998.4
05-03-2026 17:15;252;81.6;1008
05-03-2026 17:30;249.6;84;998.4
05-03-2026 17:45;240;81.6;960
05-03-2026 18:00;244.8;84;979.2
05-03-2026 18:15;237.6;84;950.4
05-03-2026 18:30;235.2;79.2;940.8
05-03-2026 18:45;244.8;79.2;979.2
05-03-2026 19:00;249.6;79.2;998.4
05-03-2026 19:15;244.8;79.2;979.2
05-03-2026 19:30;252;74.4;1008
05-03-2026 19:45;268.8;69.6;1075.2
05-03-2026 20:00;278.4;72;1113.6
05-03-2026 20:15;288;67.2;1152
05-03-2026 20:30;297.6;69.6;1190.4
05-03-2026 20:45;300;67.2;1200
05-03-2026 21:00;302.4;67.2;1209.6
05-03-2026 21:15;300;67.2;1200
05-03-2026 21:30;300;69.6;1200
05-03-2026 21:45;295.2;69.6;1180.8
05-03-2026 22:00;288;69.6;1152
05-03-2026 22:15;280.8;67.2;1123.2
05-03-2026 22:30;268.8;67.2;1075.2
05-03-2026 22:45;264;67.2;1056
05-03-2026 23:00;256.8;67.2;1027.2
05-03-2026 23:15;249.6;67.2;998.4
05-03-2026 23:30;240;69.6;960
05-03-2026 23:45;232.8;67.2;931.2
06-03-2026 00:00;223.2;69.6;892.8
06-03-2026 00:15;216;72;864
06-03-2026 00:30;208.8;69.6;835.2
06-03-2026 00:45;204;67.2;816
06-03-2026 01:00;204;69.6;816
06-03-2026 01:15;199.2;67.2;796.8
06-03-2026 01:30;192;67.2;768
06-03-2026 01:45;192;64.8;768
06-03-2026 02:00;182.4;67.2;729.6
06-03-2026 02:15;182.4;67.2;729.6
06-03-2026 02:30;180;67.2;720
06-03-2026 02:45;177.6;64.8;710.4
06-03-2026 03:00;177.6;67.2;710.4
06-03-2026 03:15;175.2;64.8;700.8
06-03-2026 03:30;172.8;67.2;691.2
06-03-2026 03:45;172.8;67.2;691.2
06-03-2026 04:00;170.4;64.8;681.6
06-03-2026 04:15;170.4;64.8;681.6
06-03-2026 04:30;170.4;67.2;681.6
06-03-2026 04:45;172.8;64.8;691.2
06-03-2026 05:00;168;64.8;672
06-03-2026 05:15;172.8;67.2;691.2
06-03-2026 05:30;170.4;67.2;681.6
06-03-2026 05:45;172.8;62.4;691.2
06-03-2026 06:00;175.2;64.8;700.8
06-03-2026 06:15;182.4;67.2;729.6
06-03-2026 06:30;184.8;67.2;739.2
06-03-2026 06:45;189.6;62.4;758.4
06-03-2026 07:00;177.6;67.2;710.4
06-03-2026 07:15;170.4;67.2;681.6
06-03-2026 07:30;163.2;69.6;652.8
06-03-2026 07:45;156;72;624
06-03-2026 08:00;156;69.6;624
06-03-2026 08:15;168;74.4;672
06-03-2026 08:30;180;76.8;720
06-03-2026 08:45;184.8;74.4;739.2
06-03-2026 09:00;187.2;76.8;748.8
06-03-2026 09:15;192;74.4;768
06-03-2026 09:30;189.6;76.8;758.4
06-03-2026 09:45;192;74.4;768
06-03-2026 10:00;194.4;74.4;777.6
06-03-2026 10:15;194.4;74.4;777.6
06-03-2026 10:30;194.4;79.2;777.6
06-03-2026 10:45;194.4;74.4;777.6
06-03-2026 11:00;199.2;76.8;796.8
06-03-2026 11:15;206.4;76.8;825.6
06-03-2026 11:30;211.2;76.8;844.8
06-03-2026 11:45;208.8;74.4;835.2
06-03-2026 12:00;216;74.4;864
06-03-2026 12:15;216;74.4;864
06-03-2026 12:30;208.8;74.4;835.2
06-03-2026 12:45;206.4;74.4;825.6
06-03-2026 13:00;211.2;74.4;844.8
06-03-2026 13:15;208.8;76.8;835.2
06-03-2026 13:30;211.2;76.8;844.8
06-03-2026 13:45;204;72;816
06-03-2026 14:00;196.8;76.8;787.2
06-03-2026 14:15;196.8;74.4;787.2
06-03-2026 14:30;192;74.4;768
06-03-2026 14:45;192;74.4;768
06-03-2026 15:00;196.8;76.8;787.2
06-03-2026 15:15;189.6;76.8;758.4
06-03-2026 15:30;194.4;74.4;777.6
06-03-2026 15:45;192;76.8;768
06-03-2026 16:00;194.4;74.4;777.6
06-03-2026 16:15;189.6;76.8;758.4
06-03-2026 16:30;194.4;76.8;777.6
06-03-2026 16:45;194.4;76.8;777.6
06-03-2026 17:00;194.4;74.4;777.6
06-03-2026 17:15;208.8;79.2;835.2
06-03-2026 17:30;213.6;79.2;854.4
06-03-2026 17:45;213.6;81.6;854.4
06-03-2026 18:00;216;81.6;864
06-03-2026 18:15;216;81.6;864
06-03-2026 18:30;213.6;79.2;854.4
06-03-2026 18:45;211.2;79.2;844.8
06-03-2026 19:00;216;79.2;864
06-03-2026 19:15;218.4;79.2;873.6
06-03-2026 19:30;223.2;76.8;892.8
06-03-2026 19:45;240;69.6;960
06-03-2026 20:00;259.2;64.8;1036.8
06-03-2026 20:15;276;64.8;1104
06-03-2026 20:30;278.4;60;1113.6
06-03-2026 20:45;276;60;1104
06-03-2026 21:00;271.2;60;1084.8
06-03-2026 21:15;266.4;60;1065.6
06-03-2026 21:30;266.4;62.4;1065.6
06-03-2026 21:45;261.6;62.4;1046.4
06-03-2026 22:00;249.6;62.4;998.4
06-03-2026 22:15;240;62.4;960
06-03-2026 22:30;235.2;64.8;940.8
06-03-2026 22:45;228;64.8;912
06-03-2026 23:00;230.4;64.8;921.6
06-03-2026 23:15;223.2;62.4;892.8
06-03-2026 23:30;223.2;67.2;892.8
06-03-2026 23:45;218.4;64.8;873.6
07-03-2026 00:00;211.2;57.6;844.8
07-03-2026 00:15;208.8;57.6;835.2
07-03-2026 00:30;204;57.6;816
07-03-2026 00:45;196.8;57.6;787.2
07-03-2026 01:00;189.6;57.6;758.4
07-03-2026 01:15;187.2;57.6;748.8
07-03-2026 01:30;182.4;57.6;729.6
07-03-2026 01:45;180;60;720
07-03-2026 02:00;175.2;57.6;700.8
07-03-2026 02:15;175.2;57.6;700.8
07-03-2026 02:30;172.8;60;691.2
07-03-2026 02:45;172.8;57.6;691.2
07-03-2026 03:00;168;57.6;672
07-03-2026 03:15;165.6;62.4;662.4
07-03-2026 03:30;168;60;672
07-03-2026 03:45;163.2;60;652.8
07-03-2026 04:00;160.8;57.6;643.2
07-03-2026 04:15;163.2;62.4;652.8
07-03-2026 04:30;163.2;60;652.8
07-03-2026 04:45;158.4;57.6;633.6
07-03-2026 05:00;160.8;60;643.2
07-03-2026 05:15;158.4;60;633.6
07-03-2026 05:30;160.8;57.6;643.2
07-03-2026 05:45;158.4;57.6;633.6
07-03-2026 06:00;158.4;57.6;633.6
07-03-2026 06:15;158.4;55.2;633.6
07-03-2026 06:30;158.4;57.6;633.6
07-03-2026 06:45;158.4;57.6;633.6
07-03-2026 07:00;151.2;60;604.8
07-03-2026 07:15;141.6;62.4;566.4
07-03-2026 07:30;134.4;67.2;537.6
07-03-2026 07:45;134.4;64.8;537.6
07-03-2026 08:00;141.6;67.2;566.4
07-03-2026 08:15;148.8;64.8;595.2
07-03-2026 08:30;153.6;69.6;614.4
07-03-2026 08:45;151.2;69.6;604.8
07-03-2026 09:00;158.4;72;633.6
07-03-2026 09:15;170.4;69.6;681.6
07-03-2026 09:30;175.2;72;700.8
07-03-2026 09:45;172.8;69.6;691.2
07-03-2026 10:00;177.6;74.4;710.4
07-03-2026 10:15;175.2;72;700.8
07-03-2026 10:30;177.6;72;710.4
07-03-2026 10:45;182.4;72;729.6
07-03-2026 11:00;175.2;69.6;700.8
07-03-2026 11:15;180;72;720
07-03-2026 11:30;184.8;74.4;739.2
07-03-2026 11:45;192;72;768
07-03-2026 12:00;194.4;69.6;777.6
07-03-2026 12:15;196.8;74.4;787.2
07-03-2026 12:30;201.6;72;806.4
07-03-2026 12:45;208.8;74.4;835.2
07-03-2026 13:00;211.2;72;844.8
07-03-2026 13:15;204;72;816
07-03-2026 13:30;204;72;816
07-03-2026 13:45;204;72;816
07-03-2026 14:00;204;72;816
07-03-2026 14:15;206.4;74.4;825.6
07-03-2026 14:30;208.8;72;835.2
07-03-2026 14:45;206.4;72;825.6
07-03-2026 15:00;213.6;74.4;854.4
07-03-2026 15:15;213.6;72;854.4
07-03-2026 15:30;208.8;72;835.2
07-03-2026 15:45;208.8;72;835.2
07-03-2026 16:00;208.8;69.6;835.2
07-03-2026 16:15;211.2;72;844.8
07-03-2026 16:30;206.4;67.2;825.6
07-03-2026 16:45;211.2;72;844.8
07-03-2026 17:00;213.6;69.6;854.4
07-03-2026 17:15;218.4;72;873.6
07-03-2026 17:30;213.6;69.6;854.4
07-03-2026 17:45;218.4;69.6;873.6
07-03-2026 18:00;216;72;864
07-03-2026 18:15;211.2;69.6;844.8
07-03-2026 18:30;218.4;72;873.6
07-03-2026 18:45;216;69.6;864
07-03-2026 19:00;211.2;72;844.8
07-03-2026 19:15;211.2;69.6;844.8
07-03-2026 19:30;220.8;69.6;883.2
07-03-2026 19:45;240;64.8;960
07-03-2026 20:00;259.2;57.6;1036.8
07-03-2026 20:15;276;55.2;1104
07-03-2026 20:30;283.2;55.2;1132.8
07-03-2026 20:45;280.8;57.6;1123.2
07-03-2026 21:00;276;55.2;1104
07-03-2026 21:15;268.8;52.8;1075.2
07-03-2026 21:30;261.6;52.8;1046.4
07-03-2026 21:45;256.8;55.2;1027.2
07-03-2026 22:00;252;52.8;1008
07-03-2026 22:15;249.6;52.8;998.4
07-03-2026 22:30;240;55.2;960
07-03-2026 22:45;235.2;55.2;940.8
07-03-2026 23:00;225.6;55.2;902.4
07-03-2026 23:15;211.2;55.2;844.8
07-03-2026 23:30;208.8;55.2;835.2
07-03-2026 23:45;206.4;57.6;825.6
08-03-2026 00:00;201.6;57.6;806.4
08-03-2026 00:15;199.2;57.6;796.8
08-03-2026 00:30;194.4;57.6;777.6
08-03-2026 00:45;194.4;60;777.6
08-03-2026 01:00;192;60;768
08-03-2026 01:15;189.6;60;758.4
08-03-2026 01:30;182.4;60;729.6
08-03-2026 01:45;180;60;720
08-03-2026 02:00;177.6;62.4;710.4
08-03-2026 02:15;172.8;57.6;691.2
08-03-2026 02:30;168;55.2;672
08-03-2026 02:45;163.2;52.8;652.8
08-03-2026 03:00;163.2;55.2;652.8
08-03-2026 03:15;160.8;50.4;643.2
08-03-2026 03:30;158.4;52.8;633.6
08-03-2026 03:45;156;50.4;624
08-03-2026 04:00;158.4;55.2;633.6
08-03-2026 04:15;153.6;52.8;614.4
08-03-2026 04:30;153.6;50.4;614.4
08-03-2026 04:45;153.6;55.2;614.4
08-03-2026 05:00;156;52.8;624
08-03-2026 05:15;151.2;52.8;604.8
08-03-2026 05:30;146.4;45.6;585.6
08-03-2026 05:45;146.4;45.6;585.6
08-03-2026 06:00;146.4;45.6;585.6
08-03-2026 06:15;146.4;45.6;585.6
08-03-2026 06:30;144;45.6;576
08-03-2026 06:45;141.6;48;566.4
08-03-2026 07:00;129.6;50.4;518.4
08-03-2026 07:15;117.6;55.2;470.4
08-03-2026 07:30;120;55.2;480
08-03-2026 07:45;124.8;57.6;499.2
08-03-2026 08:00;127.2;57.6;508.8
08-03-2026 08:15;129.6;57.6;518.4
08-03-2026 08:30;132;60;528
08-03-2026 08:45;132;60;528
08-03-2026 09:00;139.2;60;556.8
08-03-2026 09:15;139.2;60;556.8
08-03-2026 09:30;139.2;57.6;556.8
08-03-2026 09:45;146.4;60;585.6
08-03-2026 10:00;148.8;60;595.2
08-03-2026 10:15;156;62.4;624
08-03-2026 10:30;153.6;62.4;614.4
08-03-2026 10:45;160.8;64.8;643.2
08-03-2026 11:00;160.8;64.8;643.2
08-03-2026 11:15;170.4;67.2;681.6
08-03-2026 11:30;177.6;64.8;710.4
08-03-2026 11:45;182.4;67.2;729.6
08-03-2026 12:00;187.2;64.8;748.8
08-03-2026 12:15;192;67.2;768
08-03-2026 12:30;189.6;62.4;758.4
08-03-2026 12:45;182.4;62.4;729.6
08-03-2026 13:00;182.4;64.8;729.6
08-03-2026 13:15;177.6;60;710.4
08-03-2026 13:30;177.6;62.4;710.4
08-03-2026 13:45;175.2;60;700.8
08-03-2026 14:00;172.8;60;691.2
08-03-2026 14:15;168;57.6;672
08-03-2026 14:30;170.4;57.6;681.6
08-03-2026 14:45;172.8;60;691.2
08-03-2026 15:00;165.6;57.6;662.4
08-03-2026 15:15;168;55.2;672
08-03-2026 15:30;165.6;57.6;662.4
08-03-2026 15:45;168;57.6;672
08-03-2026 16:00;165.6;55.2;662.4
08-03-2026 16:15;163.2;57.6;652.8
08-03-2026 16:30;168;57.6;672
08-03-2026 16:45;170.4;57.6;681.6
08-03-2026 17:00;170.4;55.2;681.6
08-03-2026 17:15;170.4;55.2;681.6
08-03-2026 17:30;170.4;57.6;681.6
08-03-2026 17:45;170.4;55.2;681.6
08-03-2026 18:00;170.4;52.8;681.6
08-03-2026 18:15;175.2;55.2;700.8
08-03-2026 18:30;168;55.2;672
08-03-2026 18:45;175.2;52.8;700.8
08-03-2026 19:00;175.2;55.2;700.8
08-03-2026 19:15;177.6;55.2;710.4
08-03-2026 19:30;184.8;52.8;739.2
08-03-2026 19:45;208.8;48;835.2
08-03-2026 20:00;216;48;864
08-03-2026 20:15;223.2;48;892.8
08-03-2026 20:30;230.4;45.6;921.6
08-03-2026 20:45;240;48;960
08-03-2026 21:00;244.8;50.4;979.2
08-03-2026 21:15;242.4;50.4;969.6
08-03-2026 21:30;237.6;50.4;950.4
08-03-2026 21:45;235.2;48;940.8
08-03-2026 22:00;232.8;50.4;931.2
08-03-2026 22:15;223.2;52.8;892.8
08-03-2026 22:30;216;50.4;864
08-03-2026 22:45;216;52.8;864
08-03-2026 23:00;208.8;50.4;835.2
08-03-2026 23:15;206.4;52.8;825.6
08-03-2026 23:30;204;52.8;816
08-03-2026 23:45;192;50.4;768
09-03-2026 00:00;187.2;52.8;748.8
09-03-2026 00:15;180;52.8;720
09-03-2026 00:30;175.2;50.4;700.8
09-03-2026 00:45;170.4;55.2;681.6
09-03-2026 01:00;168;55.2;672
09-03-2026 01:15;165.6;57.6;662.4
09-03-2026 01:30;163.2;55.2;652.8
09-03-2026 01:45;156;52.8;624
09-03-2026 02:00;158.4;55.2;633.6
09-03-2026 02:15;156;52.8;624
09-03-2026 02:30;156;55.2;624
09-03-2026 02:45;153.6;55.2;614.4
09-03-2026 03:00;151.2;52.8;604.8
09-03-2026 03:15;153.6;55.2;614.4
09-03-2026 03:30;153.6;55.2;614.4
09-03-2026 03:45;151.2;52.8;604.8
09-03-2026 04:00;148.8;55.2;595.2
09-03-2026 04:15;148.8;50.4;595.2
09-03-2026 04:30;148.8;52.8;595.2
09-03-2026 04:45;148.8;50.4;595.2
09-03-2026 05:00;148.8;52.8;595.2
09-03-2026 05:15;148.8;52.8;595.2
09-03-2026 05:30;153.6;55.2;614.4
09-03-2026 05:45;153.6;52.8;614.4
09-03-2026 06:00;156;52.8;624
09-03-2026 06:15;158.4;52.8;633.6
09-03-2026 06:30;165.6;50.4;662.4
09-03-2026 06:45;165.6;50.4;662.4
09-03-2026 07:00;160.8;52.8;643.2
09-03-2026 07:15;151.2;55.2;604.8
09-03-2026 07:30;139.2;57.6;556.8
09-03-2026 07:45;141.6;64.8;566.4
09-03-2026 08:00;141.6;60;566.4
09-03-2026 08:15;146.4;62.4;585.6
09-03-2026 08:30;151.2;67.2;604.8
09-03-2026 08:45;153.6;69.6;614.4
09-03-2026 09:00;156;67.2;624
09-03-2026 09:15;168;69.6;672
09-03-2026 09:30;175.2;72;700.8
09-03-2026 09:45;170.4;72;681.6
09-03-2026 10:00;177.6;72;710.4
09-03-2026 10:15;175.2;69.6;700.8
09-03-2026 10:30;175.2;72;700.8
09-03-2026 10:45;175.2;69.6;700.8
09-03-2026 11:00;172.8;67.2;691.2
09-03-2026 11:15;165.6;64.8;662.4
09-03-2026 11:30;170.4;67.2;681.6
09-03-2026 11:45;172.8;72;691.2
09-03-2026 12:00;182.4;72;729.6
09-03-2026 12:15;180;72;720
09-03-2026 12:30;187.2;72;748.8
09-03-2026 12:45;184.8;69.6;739.2
09-03-2026 13:00;194.4;74.4;777.6
09-03-2026 13:15;192;76.8;768
09-03-2026 13:30;199.2;79.2;796.8
09-03-2026 13:45;199.2;79.2;796.8
09-03-2026 14:00;199.2;81.6;796.8
09-03-2026 14:15;201.6;81.6;806.4
09-03-2026 14:30;196.8;76.8;787.2
09-03-2026 14:45;199.2;76.8;796.8
09-03-2026 15:00;201.6;81.6;806.4
09-03-2026 15:15;204;79.2;816
09-03-2026 15:30;194.4;74.4;777.6
09-03-2026 15:45;189.6;74.4;758.4
09-03-2026 16:00;192;79.2;768
09-03-2026 16:15;189.6;79.2;758.4
09-03-2026 16:30;192;79.2;768
09-03-2026 16:45;192;79.2;768
09-03-2026 17:00;192;84;768
09-03-2026 17:15;206.4;86.4;825.6
09-03-2026 17:30;216;84;864
09-03-2026 17:45;211.2;86.4;844.8
09-03-2026 18:00;213.6;86.4;854.4
09-03-2026 18:15;211.2;81.6;844.8
09-03-2026 18:30;208.8;84;835.2
09-03-2026 18:45;206.4;86.4;825.6
09-03-2026 19:00;204;81.6;816
09-03-2026 19:15;206.4;81.6;825.6
09-03-2026 19:30;223.2;81.6;892.8
09-03-2026 19:45;237.6;74.4;950.4
09-03-2026 20:00;256.8;67.2;1027.2
09-03-2026 20:15;266.4;64.8;1065.6
09-03-2026 20:30;276;62.4;1104
09-03-2026 20:45;276;60;1104
09-03-2026 21:00;278.4;60;1113.6
09-03-2026 21:15;273.6;60;1094.4
09-03-2026 21:30;273.6;60;1094.4
09-03-2026 21:45;266.4;62.4;1065.6
09-03-2026 22:00;252;60;1008
09-03-2026 22:15;249.6;60;998.4
09-03-2026 22:30;235.2;64.8;940.8
09-03-2026 22:45;230.4;62.4;921.6
09-03-2026 23:00;228;64.8;912
09-03-2026 23:15;220.8;64.8;883.2
09-03-2026 23:30;213.6;64.8;854.4
09-03-2026 23:45;201.6;64.8;806.4
10-03-2026 00:00;199.2;64.8;796.8
10-03-2026 00:15;192;60;768
10-03-2026 00:30;182.4;57.6;729.6
10-03-2026 00:45;175.2;52.8;700.8
10-03-2026 01:00;170.4;57.6;681.6
10-03-2026 01:15;165.6;52.8;662.4
10-03-2026 01:30;163.2;55.2;652.8
10-03-2026 01:45;158.4;57.6;633.6
10-03-2026 02:00;156;57.6;624
10-03-2026 02:15;153.6;55.2;614.4
10-03-2026 02:30;151.2;57.6;604.8
10-03-2026 02:45;151.2;57.6;604.8
10-03-2026 03:00;146.4;50.4;585.6
10-03-2026 03:15;148.8;50.4;595.2
10-03-2026 03:30;146.4;50.4;585.6
10-03-2026 03:45;144;50.4;576
10-03-2026 04:00;146.4;48;585.6
10-03-2026 04:15;146.4;52.8;585.6
10-03-2026 04:30;144;48;576
10-03-2026 04:45;144;50.4;576
10-03-2026 05:00;146.4;48;585.6
10-03-2026 05:15;146.4;48;585.6
10-03-2026 05:30;144;48;576
10-03-2026 05:45;148.8;48;595.2
10-03-2026 06:00;146.4;45.6;585.6
10-03-2026 06:15;153.6;45.6;614.4
10-03-2026 06:30;163.2;48;652.8
10-03-2026 06:45;160.8;48;643.2
10-03-2026 07:00;146.4;52.8;585.6
10-03-2026 07:15;139.2;60;556.8
10-03-2026 07:30;141.6;62.4;566.4
10-03-2026 07:45;144;62.4;576
10-03-2026 08:00;148.8;64.8;595.2
10-03-2026 08:15;163.2;67.2;652.8
10-03-2026 08:30;163.2;67.2;652.8
10-03-2026 08:45;165.6;64.8;662.4
10-03-2026 09:00;168;69.6;672
10-03-2026 09:15;168;67.2;672
10-03-2026 09:30;177.6;69.6;710.4
10-03-2026 09:45;177.6;69.6;710.4
10-03-2026 10:00;184.8;72;739.2
10-03-2026 10:15;184.8;72;739.2
10-03-2026 10:30;182.4;72;729.6
10-03-2026 10:45;192;72;768
10-03-2026 11:00;194.4;72;777.6
10-03-2026 11:15;199.2;72;796.8
10-03-2026 11:30;201.6;72;806.4
10-03-2026 11:45;206.4;72;825.6
10-03-2026 12:00;208.8;74.4;835.2
10-03-2026 12:15;206.4;76.8;825.6
10-03-2026 12:30;206.4;74.4;825.6
10-03-2026 12:45;211.2;76.8;844.8
10-03-2026 13:00;218.4;88.8;873.6
10-03-2026 13:15;211.2;88.8;844.8
10-03-2026 13:30;218.4;91.2;873.6
10-03-2026 13:45;218.4;93.6;873.6
10-03-2026 14:00;218.4;88.8;873.6
10-03-2026 14:15;216;91.2;864
10-03-2026 14:30;218.4;88.8;873.6
10-03-2026 14:45;213.6;86.4;854.4
10-03-2026 15:00;213.6;86.4;854.4
10-03-2026 15:15;216;86.4;864
10-03-2026 15:30;216;88.8;864
10-03-2026 15:45;213.6;84;854.4
10-03-2026 16:00;216;86.4;864
10-03-2026 16:15;211.2;84;844.8
10-03-2026 16:30;208.8;86.4;835.2
10-03-2026 16:45;213.6;86.4;854.4
10-03-2026 17:00;216;86.4;864
10-03-2026 17:15;223.2;88.8;892.8
10-03-2026 17:30;232.8;91.2;931.2
10-03-2026 17:45;228;96;912
10-03-2026 18:00;225.6;91.2;902.4
10-03-2026 18:15;223.2;86.4;892.8
10-03-2026 18:30;225.6;91.2;902.4
10-03-2026 18:45;228;91.2;912
10-03-2026 19:00;225.6;88.8;902.4
10-03-2026 19:15;230.4;91.2;921.6
10-03-2026 19:30;244.8;84;979.2
10-03-2026 19:45;266.4;74.4;1065.6
10-03-2026 20:00;285.6;76.8;1142.4
10-03-2026 20:15;288;74.4;1152
10-03-2026 20:30;292.8;74.4;1171.2
10-03-2026 20:45;292.8;72;1171.2
10-03-2026 21:00;292.8;72;1171.2
10-03-2026 21:15;283.2;67.2;1132.8
10-03-2026 21:30;276;69.6;1104
10-03-2026 21:45;273.6;69.6;1094.4
10-03-2026 22:00;266.4;67.2;1065.6
10-03-2026 22:15;264;72;1056
10-03-2026 22:30;240;72;960
10-03-2026 22:45;232.8;76.8;931.2
10-03-2026 23:00;228;74.4;912
10-03-2026 23:15;225.6;72;902.4
10-03-2026 23:30;211.2;69.6;844.8
10-03-2026 23:45;204;72;816
11-03-2026 00:00;196.8;74.4;787.2
11-03-2026 00:15;194.4;72;777.6
11-03-2026 00:30;184.8;74.4;739.2
11-03-2026 00:45;180;76.8;720
11-03-2026 01:00;175.2;72;700.8
11-03-2026 01:15;170.4;69.6;681.6
11-03-2026 01:30;170.4;69.6;681.6
11-03-2026 01:45;163.2;67.2;652.8
11-03-2026 02:00;158.4;67.2;633.6
11-03-2026 02:15;158.4;69.6;633.6
11-03-2026 02:30;156;67.2;624
11-03-2026 02:45;153.6;69.6;614.4
11-03-2026 03:00;151.2;69.6;604.8
11-03-2026 03:15;148.8;67.2;595.2
11-03-2026 03:30;148.8;69.6;595.2
11-03-2026 03:45;151.2;69.6;604.8
11-03-2026 04:00;148.8;69.6;595.2
11-03-2026 04:15;146.4;67.2;585.6
11-03-2026 04:30;146.4;67.2;585.6
11-03-2026 04:45;151.2;67.2;604.8
11-03-2026 05:00;148.8;67.2;595.2
11-03-2026 05:15;153.6;69.6;614.4
11-03-2026 05:30;148.8;62.4;595.2
11-03-2026 05:45;156;64.8;624
11-03-2026 06:00;158.4;69.6;633.6
11-03-2026 06:15;163.2;62.4;652.8
11-03-2026 06:30;165.6;62.4;662.4
11-03-2026 06:45;165.6;62.4;662.4
11-03-2026 07:00;158.4;69.6;633.6
11-03-2026 07:15;141.6;69.6;566.4
11-03-2026 07:30;141.6;74.4;566.4
11-03-2026 07:45;144;72;576
11-03-2026 08:00;141.6;69.6;566.4
11-03-2026 08:15;151.2;74.4;604.8
11-03-2026 08:30;153.6;76.8;614.4
11-03-2026 08:45;160.8;81.6;643.2
11-03-2026 09:00;160.8;84;643.2
11-03-2026 09:15;172.8;86.4;691.2
11-03-2026 09:30;182.4;88.8;729.6
11-03-2026 09:45;187.2;91.2;748.8
11-03-2026 10:00;184.8;86.4;739.2
11-03-2026 10:15;184.8;84;739.2
11-03-2026 10:30;192;86.4;768
11-03-2026 10:45;196.8;93.6;787.2
11-03-2026 11:00;204;96;816
11-03-2026 11:15;208.8;96;835.2
11-03-2026 11:30;211.2;96;844.8
11-03-2026 11:45;218.4;93.6;873.6
11-03-2026 12:00;216;96;864
11-03-2026 12:15;223.2;96;892.8
11-03-2026 12:30;225.6;98.4;902.4
11-03-2026 12:45;228;98.4;912
11-03-2026 13:00;223.2;93.6;892.8
11-03-2026 13:15;223.2;93.6;892.8
11-03-2026 13:30;220.8;93.6;883.2
11-03-2026 13:45;220.8;88.8;883.2
11-03-2026 14:00;216;91.2;864
11-03-2026 14:15;220.8;93.6;883.2
11-03-2026 14:30;220.8;88.8;883.2
11-03-2026 14:45;218.4;88.8;873.6
11-03-2026 15:00;211.2;88.8;844.8
11-03-2026 15:15;213.6;91.2;854.4
11-03-2026 15:30;220.8;91.2;883.2
11-03-2026 15:45;213.6;84;854.4
11-03-2026 16:00;220.8;86.4;883.2
11-03-2026 16:15;216;86.4;864
11-03-2026 16:30;220.8;88.8;883.2
11-03-2026 16:45;216;86.4;864
11-03-2026 17:00;218.4;86.4;873.6
11-03-2026 17:15;230.4;91.2;921.6
11-03-2026 17:30;232.8;88.8;931.2
11-03-2026 17:45;230.4;86.4;921.6
11-03-2026 18:00;228;88.8;912
11-03-2026 18:15;225.6;88.8;902.4
11-03-2026 18:30;225.6;93.6;902.4
11-03-2026 18:45;223.2;93.6;892.8
11-03-2026 19:00;218.4;93.6;873.6
11-03-2026 19:15;223.2;91.2;892.8
11-03-2026 19:30;237.6;88.8;950.4
11-03-2026 19:45;266.4;86.4;1065.6
11-03-2026 20:00;285.6;84;1142.4
11-03-2026 20:15;290.4;79.2;1161.6
11-03-2026 20:30;295.2;79.2;1180.8
11-03-2026 20:45;288;76.8;1152
11-03-2026 21:00;276;72;1104
11-03-2026 21:15;256.8;74.4;1027.2
11-03-2026 21:30;266.4;81.6;1065.6
11-03-2026 21:45;266.4;81.6;1065.6
11-03-2026 22:00;264;79.2;1056
11-03-2026 22:15;254.4;84;1017.6
11-03-2026 22:30;244.8;81.6;979.2
11-03-2026 22:45;244.8;84;979.2
11-03-2026 23:00;235.2;81.6;940.8
11-03-2026 23:15;228;79.2;912
11-03-2026 23:30;220.8;79.2;883.2
11-03-2026 23:45;213.6;79.2;854.4
12-03-2026 00:00;201.6;69.6;806.4
12-03-2026 00:15;194.4;69.6;777.6
12-03-2026 00:30;187.2;60;748.8
12-03-2026 00:45;184.8;60;739.2
12-03-2026 01:00;180;60;720
12-03-2026 01:15;177.6;60;710.4
12-03-2026 01:30;172.8;57.6;691.2
12-03-2026 01:45;168;52.8;672
12-03-2026 02:00;163.2;55.2;652.8
12-03-2026 02:15;160.8;55.2;643.2
12-03-2026 02:30;156;50.4;624
12-03-2026 02:45;158.4;55.2;633.6
12-03-2026 03:00;153.6;50.4;614.4
12-03-2026 03:15;153.6;55.2;614.4
12-03-2026 03:30;156;52.8;624
12-03-2026 03:45;151.2;52.8;604.8
12-03-2026 04:00;148.8;52.8;595.2
12-03-2026 04:15;153.6;52.8;614.4
12-03-2026 04:30;151.2;55.2;604.8
12-03-2026 04:45;153.6;52.8;614.4
12-03-2026 05:00;146.4;50.4;585.6
12-03-2026 05:15;153.6;52.8;614.4
12-03-2026 05:30;156;55.2;624
12-03-2026 05:45;158.4;52.8;633.6
12-03-2026 06:00;163.2;60;652.8
12-03-2026 06:15;163.2;52.8;652.8
12-03-2026 06:30;165.6;50.4;662.4
12-03-2026 06:45;168;48;672
12-03-2026 07:00;153.6;55.2;614.4
12-03-2026 07:15;144;60;576
12-03-2026 07:30;144;62.4;576
12-03-2026 07:45;141.6;60;566.4
12-03-2026 08:00;144;62.4;576
12-03-2026 08:15;156;67.2;624
12-03-2026 08:30;163.2;67.2;652.8
12-03-2026 08:45;160.8;67.2;643.2
12-03-2026 09:00;168;69.6;672
12-03-2026 09:15;168;67.2;672
12-03-2026 09:30;163.2;64.8;652.8
12-03-2026 09:45;168;64.8;672
12-03-2026 10:00;170.4;64.8;681.6
12-03-2026 10:15;172.8;64.8;691.2
12-03-2026 10:30;180;67.2;720
12-03-2026 10:45;184.8;67.2;739.2
12-03-2026 11:00;187.2;67.2;748.8
12-03-2026 11:15;189.6;72;758.4
12-03-2026 11:30;192;67.2;768
12-03-2026 11:45;196.8;72;787.2
12-03-2026 12:00;194.4;72;777.6
12-03-2026 12:15;192;69.6;768
12-03-2026 12:30;192;69.6;768
12-03-2026 12:45;196.8;69.6;787.2
12-03-2026 13:00;201.6;72;806.4
12-03-2026 13:15;196.8;72;787.2
12-03-2026 13:30;194.4;67.2;777.6
12-03-2026 13:45;194.4;67.2;777.6
12-03-2026 14:00;199.2;74.4;796.8
12-03-2026 14:15;196.8;74.4;787.2
12-03-2026 14:30;201.6;76.8;806.4
12-03-2026 14:45;206.4;79.2;825.6
12-03-2026 15:00;199.2;79.2;796.8
12-03-2026 15:15;196.8;76.8;787.2
12-03-2026 15:30;196.8;74.4;787.2
12-03-2026 15:45;199.2;79.2;796.8
12-03-2026 16:00;204;79.2;816
12-03-2026 16:15;204;79.2;816
12-03-2026 16:30;213.6;79.2;854.4
12-03-2026 16:45;211.2;76.8;844.8
12-03-2026 17:00;213.6;81.6;854.4
12-03-2026 17:15;218.4;79.2;873.6
12-03-2026 17:30;216;79.2;864
12-03-2026 17:45;213.6;81.6;854.4
12-03-2026 18:00;216;81.6;864
12-03-2026 18:15;216;88.8;864
12-03-2026 18:30;218.4;86.4;873.6
12-03-2026 18:45;213.6;86.4;854.4
12-03-2026 19:00;218.4;88.8;873.6
12-03-2026 19:15;220.8;86.4;883.2
12-03-2026 19:30;228;84;912
12-03-2026 19:45;249.6;81.6;998.4
12-03-2026 20:00;271.2;74.4;1084.8
12-03-2026 20:15;288;74.4;1152
12-03-2026 20:30;290.4;69.6;1161.6
12-03-2026 20:45;290.4;74.4;1161.6
12-03-2026 21:00;285.6;69.6;1142.4
12-03-2026 21:15;288;69.6;1152
12-03-2026 21:30;280.8;69.6;1123.2
12-03-2026 21:45;271.2;69.6;1084.8
12-03-2026 22:00;261.6;67.2;1046.4
12-03-2026 22:15;261.6;69.6;1046.4
12-03-2026 22:30;252;69.6;1008
12-03-2026 22:45;244.8;62.4;979.2
12-03-2026 23:00;244.8;64.8;979.2
12-03-2026 23:15;237.6;60;950.4
12-03-2026 23:30;223.2;64.8;892.8
12-03-2026 23:45;218.4;67.2;873.6
13-03-2026 00:00;208.8;67.2;835.2
13-03-2026 00:15;199.2;67.2;796.8
13-03-2026 00:30;187.2;69.6;748.8
13-03-2026 00:45;184.8;67.2;739.2
13-03-2026 01:00;175.2;69.6;700.8
13-03-2026 01:15;175.2;67.2;700.8
13-03-2026 01:30;177.6;72;710.4
13-03-2026 01:45;175.2;69.6;700.8
13-03-2026 02:00;163.2;67.2;652.8
13-03-2026 02:15;165.6;69.6;662.4
13-03-2026 02:30;163.2;69.6;652.8
13-03-2026 02:45;158.4;67.2;633.6
13-03-2026 03:00;165.6;74.4;662.4
13-03-2026 03:15;158.4;69.6;633.6
13-03-2026 03:30;156;64.8;624
13-03-2026 03:45;153.6;62.4;614.4
13-03-2026 04:00;151.2;64.8;604.8
13-03-2026 04:15;153.6;62.4;614.4
13-03-2026 04:30;153.6;62.4;614.4
13-03-2026 04:45;151.2;62.4;604.8
13-03-2026 05:00;151.2;60;604.8
13-03-2026 05:15;153.6;62.4;614.4
13-03-2026 05:30;156;62.4;624
13-03-2026 05:45;160.8;64.8;643.2
13-03-2026 06:00;158.4;64.8;633.6
13-03-2026 06:15;170.4;62.4;681.6
13-03-2026 06:30;168;62.4;672
13-03-2026 06:45;170.4;64.8;681.6
13-03-2026 07:00;158.4;69.6;633.6
13-03-2026 07:15;148.8;69.6;595.2
13-03-2026 07:30;146.4;72;585.6
13-03-2026 07:45;148.8;74.4;595.2
13-03-2026 08:00;151.2;74.4;604.8
13-03-2026 08:15;160.8;76.8;643.2
13-03-2026 08:30;172.8;79.2;691.2
13-03-2026 08:45;172.8;79.2;691.2
13-03-2026 09:00;177.6;81.6;710.4
13-03-2026 09:15;180;81.6;720
13-03-2026 09:30;184.8;79.2;739.2
13-03-2026 09:45;182.4;76.8;729.6
13-03-2026 10:00;182.4;76.8;729.6
13-03-2026 10:15;187.2;76.8;748.8
13-03-2026 10:30;192;79.2;768
13-03-2026 10:45;194.4;81.6;777.6
13-03-2026 11:00;201.6;79.2;806.4
13-03-2026 11:15;218.4;91.2;873.6
13-03-2026 11:30;223.2;93.6;892.8
13-03-2026 11:45;230.4;93.6;921.6
13-03-2026 12:00;232.8;91.2;931.2
13-03-2026 12:15;240;91.2;960
13-03-2026 12:30;235.2;93.6;940.8
13-03-2026 12:45;237.6;91.2;950.4
13-03-2026 13:00;242.4;93.6;969.6
13-03-2026 13:15;244.8;96;979.2
13-03-2026 13:30;235.2;93.6;940.8
13-03-2026 13:45;237.6;86.4;950.4
13-03-2026 14:00;240;86.4;960
13-03-2026 14:15;244.8;86.4;979.2
13-03-2026 14:30;242.4;84;969.6
13-03-2026 14:45;249.6;86.4;998.4
13-03-2026 15:00;249.6;86.4;998.4
13-03-2026 15:15;252;86.4;1008
13-03-2026 15:30;249.6;86.4;998.4
13-03-2026 15:45;244.8;81.6;979.2
13-03-2026 16:00;240;84;960
13-03-2026 16:15;254.4;91.2;1017.6
13-03-2026 16:30;256.8;91.2;1027.2
13-03-2026 16:45;247.2;84;988.8
13-03-2026 17:00;247.2;86.4;988.8
13-03-2026 17:15;256.8;88.8;1027.2
13-03-2026 17:30;254.4;86.4;1017.6
13-03-2026 17:45;254.4;86.4;1017.6
13-03-2026 18:00;249.6;91.2;998.4
13-03-2026 18:15;247.2;88.8;988.8
13-03-2026 18:30;247.2;88.8;988.8
13-03-2026 18:45;249.6;91.2;998.4
13-03-2026 19:00;242.4;88.8;969.6
13-03-2026 19:15;247.2;91.2;988.8
13-03-2026 19:30;254.4;86.4;1017.6
13-03-2026 19:45;271.2;79.2;1084.8
13-03-2026 20:00;288;79.2;1152
13-03-2026 20:15;295.2;76.8;1180.8
13-03-2026 20:30;302.4;79.2;1209.6
13-03-2026 20:45;297.6;76.8;1190.4
13-03-2026 21:00;290.4;74.4;1161.6
13-03-2026 21:15;290.4;79.2;1161.6
13-03-2026 21:30;283.2;79.2;1132.8
13-03-2026 21:45;285.6;76.8;1142.4
13-03-2026 22:00;273.6;74.4;1094.4
13-03-2026 22:15;266.4;69.6;1065.6
13-03-2026 22:30;254.4;72;1017.6
13-03-2026 22:45;252;72;1008
13-03-2026 23:00;249.6;74.4;998.4
13-03-2026 23:15;237.6;76.8;950.4
13-03-2026 23:30;228;69.6;912
13-03-2026 23:45;223.2;69.6;892.8
14-03-2026 00:00;218.4;72;873.6
14-03-2026 00:15;216;69.6;864
14-03-2026 00:30;206.4;69.6;825.6
14-03-2026 00:45;204;69.6;816
14-03-2026 01:00;199.2;67.2;796.8
14-03-2026 01:15;196.8;69.6;787.2
14-03-2026 01:30;189.6;72;758.4
14-03-2026 01:45;184.8;69.6;739.2
14-03-2026 02:00;182.4;69.6;729.6
14-03-2026 02:15;180;72;720
14-03-2026 02:30;177.6;69.6;710.4
14-03-2026 02:45;175.2;67.2;700.8
14-03-2026 03:00;177.6;69.6;710.4
14-03-2026 03:15;170.4;69.6;681.6
14-03-2026 03:30;170.4;69.6;681.6
14-03-2026 03:45;170.4;69.6;681.6
14-03-2026 04:00;172.8;72;691.2
14-03-2026 04:15;168;72;672
14-03-2026 04:30;168;69.6;672
14-03-2026 04:45;168;74.4;672
14-03-2026 05:00;168;74.4;672
14-03-2026 05:15;172.8;76.8;691.2
14-03-2026 05:30;165.6;72;662.4
14-03-2026 05:45;170.4;74.4;681.6
14-03-2026 06:00;165.6;74.4;662.4
14-03-2026 06:15;170.4;74.4;681.6
14-03-2026 06:30;168;62.4;672
14-03-2026 06:45;165.6;62.4;662.4
14-03-2026 07:00;158.4;62.4;633.6
14-03-2026 07:15;146.4;62.4;585.6
14-03-2026 07:30;139.2;67.2;556.8
14-03-2026 07:45;141.6;64.8;566.4
14-03-2026 08:00;146.4;64.8;585.6
14-03-2026 08:15;151.2;67.2;604.8
14-03-2026 08:30;156;69.6;624
14-03-2026 08:45;156;69.6;624
14-03-2026 09:00;158.4;69.6;633.6
14-03-2026 09:15;160.8;69.6;643.2
14-03-2026 09:30;165.6;69.6;662.4
14-03-2026 09:45;168;72;672
14-03-2026 10:00;175.2;69.6;700.8
14-03-2026 10:15;180;69.6;720
14-03-2026 10:30;177.6;74.4;710.4
14-03-2026 10:45;180;69.6;720
14-03-2026 11:00;175.2;69.6;700.8
14-03-2026 11:15;180;69.6;720
14-03-2026 11:30;180;69.6;720
14-03-2026 11:45;187.2;69.6;748.8
14-03-2026 12:00;182.4;69.6;729.6
14-03-2026 12:15;189.6;72;758.4
14-03-2026 12:30;194.4;72;777.6
14-03-2026 12:45;192;69.6;768
14-03-2026 13:00;192;72;768
14-03-2026 13:15;180;67.2;720
14-03-2026 13:30;182.4;67.2;729.6
14-03-2026 13:45;175.2;69.6;700.8
14-03-2026 14:00;175.2;64.8;700.8
14-03-2026 14:15;177.6;69.6;710.4
14-03-2026 14:30;180;74.4;720
14-03-2026 14:45;175.2;74.4;700.8
14-03-2026 15:00;177.6;74.4;710.4
14-03-2026 15:15;182.4;76.8;729.6
14-03-2026 15:30;180;72;720
14-03-2026 15:45;182.4;74.4;729.6
14-03-2026 16:00;184.8;76.8;739.2
14-03-2026 16:15;187.2;74.4;748.8
14-03-2026 16:30;192;76.8;768
14-03-2026 16:45;199.2;76.8;796.8
14-03-2026 17:00;199.2;76.8;796.8
14-03-2026 17:15;211.2;76.8;844.8
14-03-2026 17:30;218.4;76.8;873.6
14-03-2026 17:45;216;76.8;864
14-03-2026 18:00;218.4;76.8;873.6
14-03-2026 18:15;220.8;76.8;883.2
14-03-2026 18:30;216;76.8;864
14-03-2026 18:45;213.6;76.8;854.4
14-03-2026 19:00;218.4;76.8;873.6
14-03-2026 19:15;213.6;74.4;854.4
14-03-2026 19:30;220.8;72;883.2
14-03-2026 19:45;242.4;72;969.6
14-03-2026 20:00;259.2;62.4;1036.8
14-03-2026 20:15;268.8;62.4;1075.2
14-03-2026 20:30;266.4;64.8;1065.6
14-03-2026 20:45;259.2;57.6;1036.8
14-03-2026 21:00;259.2;60;1036.8
14-03-2026 21:15;254.4;60;1017.6
14-03-2026 21:30;252;60;1008
14-03-2026 21:45;247.2;62.4;988.8
14-03-2026 22:00;242.4;60;969.6
14-03-2026 22:15;237.6;62.4;950.4
14-03-2026 22:30;228;60;912
14-03-2026 22:45;220.8;60;883.2
14-03-2026 23:00;220.8;60;883.2
14-03-2026 23:15;218.4;60;873.6
14-03-2026 23:30;211.2;57.6;844.8
14-03-2026 23:45;206.4;57.6;825.6
15-03-2026 00:00;199.2;60;796.8
15-03-2026 00:15;201.6;57.6;806.4
15-03-2026 00:30;196.8;55.2;787.2
15-03-2026 00:45;189.6;57.6;758.4
15-03-2026 01:00;187.2;60;748.8
15-03-2026 01:15;182.4;60;729.6
15-03-2026 01:30;177.6;57.6;710.4
15-03-2026 01:45;182.4;60;729.6
15-03-2026 02:00;175.2;60;700.8
15-03-2026 02:15;172.8;60;691.2
15-03-2026 02:30;170.4;57.6;681.6
15-03-2026 02:45;165.6;60;662.4
15-03-2026 03:00;163.2;60;652.8
15-03-2026 03:15;160.8;60;643.2
15-03-2026 03:30;160.8;57.6;643.2
15-03-2026 03:45;156;57.6;624
15-03-2026 04:00;158.4;55.2;633.6
15-03-2026 04:15;153.6;55.2;614.4
15-03-2026 04:30;153.6;57.6;614.4
15-03-2026 04:45;153.6;55.2;614.4
15-03-2026 05:00;148.8;55.2;595.2
15-03-2026 05:15;151.2;57.6;604.8
15-03-2026 05:30;151.2;55.2;604.8
15-03-2026 05:45;148.8;55.2;595.2
15-03-2026 06:00;148.8;55.2;595.2
15-03-2026 06:15;148.8;52.8;595.2
15-03-2026 06:30;148.8;52.8;595.2
15-03-2026 06:45;146.4;52.8;585.6
15-03-2026 07:00;136.8;57.6;547.2
15-03-2026 07:15;120;60;480
15-03-2026 07:30;124.8;57.6;499.2
15-03-2026 07:45;117.6;57.6;470.4
15-03-2026 08:00;124.8;60;499.2
15-03-2026 08:15;129.6;60;518.4
15-03-2026 08:30;24;9.6;96
15-03-2026 08:45;0;0;0
15-03-2026 09:00;0;0;0
15-03-2026 09:15;0;0;0
15-03-2026 09:30;0;0;0
15-03-2026 09:45;0;0;0
15-03-2026 10:00;0;0;0
15-03-2026 10:15;0;0;0
15-03-2026 10:30;0;0;0
15-03-2026 10:45;0;0;0
15-03-2026 11:00;0;0;0
15-03-2026 11:15;0;0;0
15-03-2026 11:30;0;0;0
15-03-2026 11:45;0;0;0
15-03-2026 12:00;0;0;0
15-03-2026 12:15;0;0;0
15-03-2026 12:30;0;0;0
15-03-2026 12:45;0;0;0
15-03-2026 13:00;72;21.6;288
15-03-2026 13:15;278.4;86.4;1113.6
15-03-2026 13:30;249.6;84;998.4
15-03-2026 13:45;237.6;84;950.4
15-03-2026 14:00;235.2;81.6;940.8
15-03-2026 14:15;235.2;81.6;940.8
15-03-2026 14:30;232.8;79.2;931.2
15-03-2026 14:45;237.6;79.2;950.4
15-03-2026 15:00;240;76.8;960
15-03-2026 15:15;240;76.8;960
15-03-2026 15:30;242.4;76.8;969.6
15-03-2026 15:45;244.8;76.8;979.2
15-03-2026 16:00;244.8;76.8;979.2
15-03-2026 16:15;244.8;74.4;979.2
15-03-2026 16:30;247.2;76.8;988.8
15-03-2026 16:45;247.2;79.2;988.8
15-03-2026 17:00;249.6;81.6;998.4
15-03-2026 17:15;252;76.8;1008
15-03-2026 17:30;252;76.8;1008
15-03-2026 17:45;254.4;76.8;1017.6
15-03-2026 18:00;249.6;81.6;998.4
15-03-2026 18:15;244.8;79.2;979.2
15-03-2026 18:30;242.4;79.2;969.6
15-03-2026 18:45;240;79.2;960
15-03-2026 19:00;235.2;79.2;940.8
15-03-2026 19:15;232.8;79.2;931.2
15-03-2026 19:30;242.4;74.4;969.6
15-03-2026 19:45;261.6;69.6;1046.4
15-03-2026 20:00;280.8;64.8;1123.2
15-03-2026 20:15;292.8;62.4;1171.2
15-03-2026 20:30;297.6;64.8;1190.4
15-03-2026 20:45;300;60;1200
15-03-2026 21:00;295.2;60;1180.8
15-03-2026 21:15;288;62.4;1152
15-03-2026 21:30;290.4;60;1161.6
15-03-2026 21:45;276;57.6;1104
15-03-2026 22:00;273.6;60;1094.4
15-03-2026 22:15;271.2;60;1084.8
15-03-2026 22:30;264;57.6;1056
15-03-2026 22:45;259.2;57.6;1036.8
15-03-2026 23:00;252;60;1008
15-03-2026 23:15;252;60;1008
15-03-2026 23:30;247.2;60;988.8
15-03-2026 23:45;247.2;60;988.8
16-03-2026 00:00;240;62.4;960
16-03-2026 00:15;235.2;62.4;940.8
16-03-2026 00:30;228;62.4;912
16-03-2026 00:45;220.8;62.4;883.2
16-03-2026 01:00;218.4;62.4;873.6
16-03-2026 01:15;211.2;62.4;844.8
16-03-2026 01:30;204;62.4;816
16-03-2026 01:45;204;64.8;816
16-03-2026 02:00;196.8;62.4;787.2
16-03-2026 02:15;194.4;67.2;777.6
16-03-2026 02:30;189.6;64.8;758.4
16-03-2026 02:45;189.6;64.8;758.4
16-03-2026 03:00;187.2;64.8;748.8
16-03-2026 03:15;184.8;64.8;739.2
16-03-2026 03:30;182.4;64.8;729.6
16-03-2026 03:45;182.4;62.4;729.6
16-03-2026 04:00;180;62.4;720
16-03-2026 04:15;180;62.4;720
16-03-2026 04:30;177.6;60;710.4
16-03-2026 04:45;177.6;57.6;710.4
16-03-2026 05:00;172.8;60;691.2
16-03-2026 05:15;175.2;60;700.8
16-03-2026 05:30;175.2;60;700.8
16-03-2026 05:45;177.6;57.6;710.4
16-03-2026 06:00;177.6;57.6;710.4
16-03-2026 06:15;184.8;60;739.2
16-03-2026 06:30;187.2;60;748.8
16-03-2026 06:45;189.6;60;758.4
16-03-2026 07:00;175.2;60;700.8
16-03-2026 07:15;160.8;67.2;643.2
16-03-2026 07:30;158.4;69.6;633.6
16-03-2026 07:45;163.2;67.2;652.8
16-03-2026 08:00;163.2;69.6;652.8
16-03-2026 08:15;177.6;69.6;710.4
16-03-2026 08:30;187.2;79.2;748.8
16-03-2026 08:45;201.6;76.8;806.4
16-03-2026 09:00;211.2;81.6;844.8
16-03-2026 09:15;211.2;81.6;844.8
16-03-2026 09:30;218.4;81.6;873.6
16-03-2026 09:45;223.2;81.6;892.8
16-03-2026 10:00;228;81.6;912
16-03-2026 10:15;232.8;86.4;931.2
16-03-2026 10:30;230.4;88.8;921.6
16-03-2026 10:45;242.4;88.8;969.6
16-03-2026 11:00;237.6;88.8;950.4
16-03-2026 11:15;249.6;93.6;998.4
16-03-2026 11:30;242.4;91.2;969.6
16-03-2026 11:45;232.8;81.6;931.2
16-03-2026 12:00;254.4;91.2;1017.6
16-03-2026 12:15;259.2;88.8;1036.8
16-03-2026 12:30;266.4;96;1065.6
16-03-2026 12:45;273.6;96;1094.4
16-03-2026 13:00;276;88.8;1104
16-03-2026 13:15;280.8;91.2;1123.2
16-03-2026 13:30;288;88.8;1152
16-03-2026 13:45;290.4;86.4;1161.6
16-03-2026 14:00;295.2;88.8;1180.8
16-03-2026 14:15;300;96;1200
16-03-2026 14:30;309.6;96;1238.4
16-03-2026 14:45;307.2;98.4;1228.8
16-03-2026 15:00;302.4;98.4;1209.6
16-03-2026 15:15;302.4;93.6;1209.6
16-03-2026 15:30;309.6;93.6;1238.4
16-03-2026 15:45;312;93.6;1248
16-03-2026 16:00;307.2;93.6;1228.8
16-03-2026 16:15;314.4;91.2;1257.6
16-03-2026 16:30;314.4;88.8;1257.6
16-03-2026 16:45;302.4;88.8;1209.6
16-03-2026 17:00;295.2;88.8;1180.8
16-03-2026 17:15;304.8;91.2;1219.2
16-03-2026 17:30;304.8;91.2;1219.2
16-03-2026 17:45;300;88.8;1200
16-03-2026 18:00;292.8;88.8;1171.2
16-03-2026 18:15;295.2;88.8;1180.8
16-03-2026 18:30;283.2;84;1132.8
16-03-2026 18:45;280.8;86.4;1123.2
16-03-2026 19:00;276;84;1104
16-03-2026 19:15;288;86.4;1152
16-03-2026 19:30;297.6;81.6;1190.4
16-03-2026 19:45;321.6;76.8;1286.4
16-03-2026 20:00;336;72;1344
16-03-2026 20:15;350.4;72;1401.6
16-03-2026 20:30;360;72;1440
16-03-2026 20:45;360;72;1440
16-03-2026 21:00;360;69.6;1440
16-03-2026 21:15;355.2;67.2;1420.8
16-03-2026 21:30;352.8;67.2;1411.2
16-03-2026 21:45;343.2;67.2;1372.8
16-03-2026 22:00;343.2;67.2;1372.8
16-03-2026 22:15;340.8;67.2;1363.2
16-03-2026 22:30;331.2;72;1324.8
16-03-2026 22:45;324;72;1296
16-03-2026 23:00;324;72;1296
16-03-2026 23:15;312;72;1248
16-03-2026 23:30;304.8;76.8;1219.2
16-03-2026 23:45;300;72;1200
17-03-2026 00:00;283.2;69.6;1132.8
17-03-2026 00:15;271.2;69.6;1084.8
17-03-2026 00:30;256.8;64.8;1027.2
17-03-2026 00:45;254.4;67.2;1017.6
17-03-2026 01:00;252;64.8;1008
17-03-2026 01:15;237.6;67.2;950.4
17-03-2026 01:30;235.2;64.8;940.8
17-03-2026 01:45;228;67.2;912
17-03-2026 02:00;228;67.2;912
17-03-2026 02:15;223.2;67.2;892.8
17-03-2026 02:30;218.4;67.2;873.6
17-03-2026 02:45;216;64.8;864
17-03-2026 03:00;213.6;67.2;854.4
17-03-2026 03:15;213.6;67.2;854.4
17-03-2026 03:30;208.8;67.2;835.2
17-03-2026 03:45;211.2;64.8;844.8
17-03-2026 04:00;208.8;67.2;835.2
17-03-2026 04:15;208.8;67.2;835.2
17-03-2026 04:30;206.4;67.2;825.6
17-03-2026 04:45;206.4;69.6;825.6
17-03-2026 05:00;201.6;64.8;806.4
17-03-2026 05:15;204;67.2;816
17-03-2026 05:30;204;67.2;816
17-03-2026 05:45;204;69.6;816
17-03-2026 06:00;208.8;72;835.2
17-03-2026 06:15;211.2;69.6;844.8
17-03-2026 06:30;211.2;64.8;844.8
17-03-2026 06:45;211.2;67.2;844.8
17-03-2026 07:00;196.8;69.6;787.2
17-03-2026 07:15;177.6;76.8;710.4
17-03-2026 07:30;175.2;76.8;700.8
17-03-2026 07:45;180;81.6;720
17-03-2026 08:00;184.8;81.6;739.2
17-03-2026 08:15;192;81.6;768
17-03-2026 08:30;211.2;84;844.8
17-03-2026 08:45;218.4;88.8;873.6
17-03-2026 09:00;223.2;88.8;892.8
17-03-2026 09:15;232.8;91.2;931.2
17-03-2026 09:30;237.6;91.2;950.4
17-03-2026 09:45;242.4;88.8;969.6
17-03-2026 10:00;244.8;88.8;979.2
17-03-2026 10:15;252;91.2;1008
17-03-2026 10:30;259.2;96;1036.8
17-03-2026 10:45;266.4;98.4;1065.6
17-03-2026 11:00;266.4;96;1065.6
17-03-2026 11:15;276;98.4;1104
17-03-2026 11:30;285.6;96;1142.4
17-03-2026 11:45;290.4;96;1161.6
17-03-2026 12:00;290.4;93.6;1161.6
17-03-2026 12:15;295.2;91.2;1180.8
17-03-2026 12:30;292.8;91.2;1171.2
17-03-2026 12:45;300;91.2;1200
17-03-2026 13:00;302.4;88.8;1209.6
17-03-2026 13:15;300;88.8;1200
17-03-2026 13:30;309.6;88.8;1238.4
17-03-2026 13:45;309.6;86.4;1238.4
17-03-2026 14:00;295.2;86.4;1180.8
17-03-2026 14:15;213.6;72;854.4
17-03-2026 14:30;2.4;7.2;9.6
17-03-2026 14:45;2.4;9.6;9.6
17-03-2026 15:00;2.4;9.6;9.6
17-03-2026 15:15;2.4;9.6;9.6
17-03-2026 15:30;2.4;9.6;9.6
17-03-2026 15:45;2.4;9.6;9.6
17-03-2026 16:00;2.4;9.6;9.6
17-03-2026 16:15;0;7.2;0
17-03-2026 16:30;2.4;9.6;9.6
17-03-2026 16:45;2.4;9.6;9.6
17-03-2026 17:00;2.4;9.6;9.6
17-03-2026 17:15;0;0;0
17-03-2026 17:30;0;0;0
17-03-2026 17:45;0;0;0
17-03-2026 18:00;0;0;0
17-03-2026 18:15;91.2;31.2;364.8
17-03-2026 18:30;280.8;98.4;1123.2
17-03-2026 18:45;264;100.8;1056
17-03-2026 19:00;254.4;96;1017.6
17-03-2026 19:15;247.2;91.2;988.8
17-03-2026 19:30;254.4;88.8;1017.6
17-03-2026 19:45;271.2;81.6;1084.8
17-03-2026 20:00;283.2;79.2;1132.8
17-03-2026 20:15;283.2;76.8;1132.8
17-03-2026 20:30;283.2;79.2;1132.8
17-03-2026 20:45;285.6;74.4;1142.4
17-03-2026 21:00;280.8;74.4;1123.2
17-03-2026 21:15;273.6;74.4;1094.4
17-03-2026 21:30;268.8;72;1075.2
17-03-2026 21:45;266.4;74.4;1065.6
17-03-2026 22:00;259.2;72;1036.8
17-03-2026 22:15;249.6;74.4;998.4
17-03-2026 22:30;249.6;72;998.4
17-03-2026 22:45;237.6;74.4;950.4
17-03-2026 23:00;228;72;912
17-03-2026 23:15;223.2;74.4;892.8
17-03-2026 23:30;218.4;72;873.6
17-03-2026 23:45;208.8;76.8;835.2
18-03-2026 00:00;201.6;72;806.4
18-03-2026 00:15;192;72;768
18-03-2026 00:30;189.6;72;758.4
18-03-2026 00:45;175.2;62.4;700.8
18-03-2026 01:00;170.4;62.4;681.6
18-03-2026 01:15;165.6;62.4;662.4
18-03-2026 01:30;163.2;60;652.8
18-03-2026 01:45;158.4;62.4;633.6
18-03-2026 02:00;156;62.4;624
18-03-2026 02:15;156;60;624
18-03-2026 02:30;156;60;624
18-03-2026 02:45;151.2;60;604.8
18-03-2026 03:00;151.2;57.6;604.8
18-03-2026 03:15;151.2;60;604.8
18-03-2026 03:30;148.8;57.6;595.2
18-03-2026 03:45;148.8;57.6;595.2
18-03-2026 04:00;151.2;57.6;604.8
18-03-2026 04:15;146.4;57.6;585.6
18-03-2026 04:30;148.8;57.6;595.2
18-03-2026 04:45;148.8;57.6;595.2
18-03-2026 05:00;148.8;57.6;595.2
18-03-2026 05:15;148.8;55.2;595.2
18-03-2026 05:30;151.2;57.6;604.8
18-03-2026 05:45;153.6;57.6;614.4
18-03-2026 06:00;160.8;60;643.2
18-03-2026 06:15;163.2;57.6;652.8
18-03-2026 06:30;170.4;57.6;681.6
18-03-2026 06:45;175.2;57.6;700.8
18-03-2026 07:00;163.2;60;652.8
18-03-2026 07:15;160.8;67.2;643.2
18-03-2026 07:30;144;67.2;576
18-03-2026 07:45;156;69.6;624
18-03-2026 08:00;156;74.4;624
18-03-2026 08:15;160.8;72;643.2
18-03-2026 08:30;170.4;76.8;681.6
18-03-2026 08:45;172.8;74.4;691.2
18-03-2026 09:00;172.8;74.4;691.2
18-03-2026 09:15;175.2;74.4;700.8
18-03-2026 09:30;175.2;74.4;700.8
18-03-2026 09:45;177.6;74.4;710.4
18-03-2026 10:00;182.4;76.8;729.6
18-03-2026 10:15;182.4;76.8;729.6
18-03-2026 10:30;187.2;76.8;748.8
18-03-2026 10:45;189.6;79.2;758.4
18-03-2026 11:00;192;81.6;768
18-03-2026 11:15;199.2;79.2;796.8
18-03-2026 11:30;206.4;86.4;825.6
18-03-2026 11:45;208.8;81.6;835.2
18-03-2026 12:00;206.4;81.6;825.6
18-03-2026 12:15;206.4;81.6;825.6
18-03-2026 12:30;201.6;81.6;806.4
18-03-2026 12:45;211.2;84;844.8
18-03-2026 13:00;213.6;81.6;854.4
18-03-2026 13:15;216;86.4;864
18-03-2026 13:30;216;84;864
18-03-2026 13:45;216;84;864
18-03-2026 14:00;216;81.6;864
18-03-2026 14:15;218.4;84;873.6
18-03-2026 14:30;216;81.6;864
18-03-2026 14:45;211.2;81.6;844.8
18-03-2026 15:00;204;74.4;816
18-03-2026 15:15;206.4;79.2;825.6
18-03-2026 15:30;208.8;79.2;835.2
18-03-2026 15:45;213.6;81.6;854.4
18-03-2026 16:00;216;79.2;864
18-03-2026 16:15;216;79.2;864
18-03-2026 16:30;218.4;76.8;873.6
18-03-2026 16:45;216;79.2;864
18-03-2026 17:00;216;74.4;864
18-03-2026 17:15;225.6;79.2;902.4
18-03-2026 17:30;230.4;79.2;921.6
18-03-2026 17:45;230.4;79.2;921.6
18-03-2026 18:00;223.2;79.2;892.8
18-03-2026 18:15;225.6;79.2;902.4
18-03-2026 18:30;216;79.2;864
18-03-2026 18:45;220.8;76.8;883.2
18-03-2026 19:00;220.8;81.6;883.2
18-03-2026 19:15;223.2;79.2;892.8
18-03-2026 19:30;249.6;79.2;998.4
18-03-2026 19:45;268.8;72;1075.2
18-03-2026 20:00;288;69.6;1152
18-03-2026 20:15;292.8;72;1171.2
18-03-2026 20:30;300;72;1200
18-03-2026 20:45;300;69.6;1200
18-03-2026 21:00;297.6;64.8;1190.4
18-03-2026 21:15;292.8;67.2;1171.2
18-03-2026 21:30;283.2;67.2;1132.8
18-03-2026 21:45;268.8;60;1075.2
18-03-2026 22:00;264;62.4;1056
18-03-2026 22:15;249.6;62.4;998.4
18-03-2026 22:30;242.4;62.4;969.6
18-03-2026 22:45;240;67.2;960
18-03-2026 23:00;235.2;64.8;940.8
18-03-2026 23:15;225.6;62.4;902.4
18-03-2026 23:30;213.6;60;854.4
18-03-2026 23:45;208.8;64.8;835.2
19-03-2026 00:00;201.6;67.2;806.4
19-03-2026 00:15;199.2;67.2;796.8
19-03-2026 00:30;187.2;57.6;748.8
19-03-2026 00:45;177.6;57.6;710.4
19-03-2026 01:00;175.2;55.2;700.8
19-03-2026 01:15;172.8;57.6;691.2
19-03-2026 01:30;168;57.6;672
19-03-2026 01:45;163.2;55.2;652.8
19-03-2026 02:00;156;52.8;624
19-03-2026 02:15;156;55.2;624
19-03-2026 02:30;153.6;55.2;614.4
19-03-2026 02:45;151.2;55.2;604.8
19-03-2026 03:00;151.2;55.2;604.8
19-03-2026 03:15;151.2;55.2;604.8
19-03-2026 03:30;148.8;55.2;595.2
19-03-2026 03:45;146.4;55.2;585.6
19-03-2026 04:00;148.8;55.2;595.2
19-03-2026 04:15;141.6;50.4;566.4
19-03-2026 04:30;148.8;52.8;595.2
19-03-2026 04:45;146.4;52.8;585.6
19-03-2026 05:00;144;50.4;576
19-03-2026 05:15;144;52.8;576
19-03-2026 05:30;146.4;50.4;585.6
19-03-2026 05:45;151.2;50.4;604.8
19-03-2026 06:00;151.2;52.8;604.8
19-03-2026 06:15;163.2;52.8;652.8
19-03-2026 06:30;168;50.4;672
19-03-2026 06:45;170.4;52.8;681.6
19-03-2026 07:00;160.8;52.8;643.2
19-03-2026 07:15;144;60;576
19-03-2026 07:30;141.6;57.6;566.4
19-03-2026 07:45;141.6;60;566.4
19-03-2026 08:00;139.2;62.4;556.8
19-03-2026 08:15;144;60;576
19-03-2026 08:30;151.2;67.2;604.8
19-03-2026 08:45;158.4;67.2;633.6
19-03-2026 09:00;160.8;69.6;643.2
19-03-2026 09:15;160.8;64.8;643.2
19-03-2026 09:30;170.4;62.4;681.6
19-03-2026 09:45;175.2;64.8;700.8
19-03-2026 10:00;180;69.6;720
19-03-2026 10:15;180;74.4;720
19-03-2026 10:30;187.2;76.8;748.8
19-03-2026 10:45;192;76.8;768
19-03-2026 11:00;196.8;76.8;787.2
19-03-2026 11:15;199.2;76.8;796.8
19-03-2026 11:30;204;79.2;816
19-03-2026 11:45;208.8;79.2;835.2
19-03-2026 12:00;206.4;76.8;825.6
19-03-2026 12:15;213.6;74.4;854.4
19-03-2026 12:30;213.6;72;854.4
19-03-2026 12:45;211.2;76.8;844.8
19-03-2026 13:00;211.2;74.4;844.8
19-03-2026 13:15;216;74.4;864
19-03-2026 13:30;220.8;72;883.2
19-03-2026 13:45;225.6;74.4;902.4
19-03-2026 14:00;225.6;76.8;902.4
19-03-2026 14:15;223.2;74.4;892.8
19-03-2026 14:30;223.2;74.4;892.8
19-03-2026 14:45;216;76.8;864
19-03-2026 15:00;220.8;74.4;883.2
19-03-2026 15:15;220.8;76.8;883.2
19-03-2026 15:30;220.8;74.4;883.2
19-03-2026 15:45;218.4;72;873.6
19-03-2026 16:00;213.6;76.8;854.4
19-03-2026 16:15;220.8;74.4;883.2
19-03-2026 16:30;223.2;74.4;892.8
19-03-2026 16:45;223.2;74.4;892.8
19-03-2026 17:00;225.6;69.6;902.4
19-03-2026 17:15;232.8;76.8;931.2
19-03-2026 17:30;235.2;74.4;940.8
19-03-2026 17:45;232.8;74.4;931.2
19-03-2026 18:00;228;72;912
19-03-2026 18:15;232.8;74.4;931.2
19-03-2026 18:30;225.6;72;902.4
19-03-2026 18:45;223.2;72;892.8
19-03-2026 19:00;223.2;69.6;892.8
19-03-2026 19:15;225.6;67.2;902.4
19-03-2026 19:30;242.4;69.6;969.6
19-03-2026 19:45;266.4;62.4;1065.6
19-03-2026 20:00;283.2;62.4;1132.8
19-03-2026 20:15;290.4;60;1161.6
19-03-2026 20:30;290.4;60;1161.6
19-03-2026 20:45;285.6;55.2;1142.4
19-03-2026 21:00;283.2;55.2;1132.8
19-03-2026 21:15;288;55.2;1152
19-03-2026 21:30;280.8;57.6;1123.2
19-03-2026 21:45;280.8;55.2;1123.2
19-03-2026 22:00;271.2;57.6;1084.8
19-03-2026 22:15;261.6;52.8;1046.4
19-03-2026 22:30;254.4;50.4;1017.6
19-03-2026 22:45;249.6;55.2;998.4
19-03-2026 23:00;235.2;55.2;940.8
19-03-2026 23:15;230.4;52.8;921.6
19-03-2026 23:30;228;55.2;912
19-03-2026 23:45;220.8;55.2;883.2
20-03-2026 00:00;211.2;55.2;844.8
20-03-2026 00:15;201.6;55.2;806.4
20-03-2026 00:30;194.4;57.6;777.6
20-03-2026 00:45;187.2;52.8;748.8
20-03-2026 01:00;180;55.2;720
20-03-2026 01:15;172.8;55.2;691.2
20-03-2026 01:30;170.4;55.2;681.6
20-03-2026 01:45;170.4;55.2;681.6
20-03-2026 02:00;168;55.2;672
20-03-2026 02:15;165.6;55.2;662.4
20-03-2026 02:30;163.2;55.2;652.8
20-03-2026 02:45;160.8;55.2;643.2
20-03-2026 03:00;160.8;57.6;643.2
20-03-2026 03:15;158.4;55.2;633.6
20-03-2026 03:30;160.8;55.2;643.2
20-03-2026 03:45;158.4;57.6;633.6
20-03-2026 04:00;156;52.8;624
20-03-2026 04:15;156;55.2;624
20-03-2026 04:30;156;55.2;624
20-03-2026 04:45;158.4;57.6;633.6
20-03-2026 05:00;156;52.8;624
20-03-2026 05:15;156;57.6;624
20-03-2026 05:30;158.4;55.2;633.6
20-03-2026 05:45;158.4;55.2;633.6
20-03-2026 06:00;163.2;57.6;652.8
20-03-2026 06:15;168;55.2;672
20-03-2026 06:30;175.2;50.4;700.8
20-03-2026 06:45;175.2;52.8;700.8
20-03-2026 07:00;168;57.6;672
20-03-2026 07:15;148.8;60;595.2
20-03-2026 07:30;146.4;62.4;585.6
20-03-2026 07:45;144;60;576
20-03-2026 08:00;144;64.8;576
20-03-2026 08:15;151.2;64.8;604.8
20-03-2026 08:30;158.4;67.2;633.6
20-03-2026 08:45;163.2;69.6;652.8
20-03-2026 09:00;168;72;672
20-03-2026 09:15;175.2;72;700.8
20-03-2026 09:30;184.8;72;739.2
20-03-2026 09:45;189.6;67.2;758.4
20-03-2026 10:00;194.4;72;777.6
20-03-2026 10:15;201.6;76.8;806.4
20-03-2026 10:30;206.4;76.8;825.6
20-03-2026 10:45;206.4;79.2;825.6
20-03-2026 11:00;213.6;81.6;854.4
20-03-2026 11:15;213.6;79.2;854.4
20-03-2026 11:30;208.8;79.2;835.2
20-03-2026 11:45;211.2;81.6;844.8
20-03-2026 12:00;208.8;81.6;835.2
20-03-2026 12:15;211.2;79.2;844.8
20-03-2026 12:30;213.6;72;854.4
20-03-2026 12:45;208.8;69.6;835.2
20-03-2026 13:00;211.2;67.2;844.8
20-03-2026 13:15;196.8;64.8;787.2
20-03-2026 13:30;194.4;62.4;777.6
20-03-2026 13:45;189.6;62.4;758.4
20-03-2026 14:00;184.8;60;739.2
20-03-2026 14:15;180;62.4;720
20-03-2026 14:30;180;64.8;720
20-03-2026 14:45;182.4;64.8;729.6
20-03-2026 15:00;182.4;69.6;729.6
20-03-2026 15:15;180;64.8;720
20-03-2026 15:30;184.8;64.8;739.2
20-03-2026 15:45;187.2;64.8;748.8
20-03-2026 16:00;187.2;64.8;748.8
20-03-2026 16:15;180;55.2;720
20-03-2026 16:30;182.4;60;729.6
20-03-2026 16:45;184.8;60;739.2
20-03-2026 17:00;182.4;57.6;729.6
20-03-2026 17:15;189.6;60;758.4
20-03-2026 17:30;189.6;62.4;758.4
20-03-2026 17:45;194.4;60;777.6
20-03-2026 18:00;196.8;60;787.2
20-03-2026 18:15;201.6;62.4;806.4
20-03-2026 18:30;196.8;60;787.2
20-03-2026 18:45;206.4;55.2;825.6
20-03-2026 19:00;223.2;55.2;892.8
20-03-2026 19:15;225.6;50.4;902.4
20-03-2026 19:30;235.2;55.2;940.8
20-03-2026 19:45;240;52.8;960
20-03-2026 20:00;247.2;50.4;988.8
20-03-2026 20:15;252;52.8;1008
20-03-2026 20:30;254.4;50.4;1017.6
20-03-2026 20:45;259.2;48;1036.8
20-03-2026 21:00;249.6;48;998.4
20-03-2026 21:15;247.2;50.4;988.8
20-03-2026 21:30;252;48;1008
20-03-2026 21:45;247.2;52.8;988.8
20-03-2026 22:00;240;50.4;960
20-03-2026 22:15;230.4;52.8;921.6
20-03-2026 22:30;24;4.8;96
20-03-2026 22:45;0;0;0
20-03-2026 23:00;67.2;19.2;268.8
20-03-2026 23:15;213.6;69.6;854.4
20-03-2026 23:30;194.4;64.8;777.6
20-03-2026 23:45;192;64.8;768
21-03-2026 00:00;187.2;64.8;748.8
21-03-2026 00:15;180;64.8;720
21-03-2026 00:30;175.2;62.4;700.8
21-03-2026 00:45;165.6;62.4;662.4
21-03-2026 01:00;160.8;62.4;643.2
21-03-2026 01:15;158.4;62.4;633.6
21-03-2026 01:30;156;62.4;624
21-03-2026 01:45;153.6;60;614.4
21-03-2026 02:00;151.2;60;604.8
21-03-2026 02:15;146.4;60;585.6
21-03-2026 02:30;141.6;57.6;566.4
21-03-2026 02:45;144;57.6;576
21-03-2026 03:00;141.6;60;566.4
21-03-2026 03:15;141.6;57.6;566.4
21-03-2026 03:30;141.6;62.4;566.4
21-03-2026 03:45;141.6;60;566.4
21-03-2026 04:00;139.2;57.6;556.8
21-03-2026 04:15;141.6;57.6;566.4
21-03-2026 04:30;139.2;60;556.8
21-03-2026 04:45;141.6;60;566.4
21-03-2026 05:00;136.8;60;547.2
21-03-2026 05:15;139.2;57.6;556.8
21-03-2026 05:30;139.2;57.6;556.8
21-03-2026 05:45;139.2;60;556.8
21-03-2026 06:00;139.2;57.6;556.8
21-03-2026 06:15;136.8;60;547.2
21-03-2026 06:30;136.8;60;547.2
21-03-2026 06:45;139.2;57.6;556.8
21-03-2026 07:00;141.6;60;566.4
21-03-2026 07:15;136.8;60;547.2
21-03-2026 07:30;132;60;528
21-03-2026 07:45;134.4;62.4;537.6
21-03-2026 08:00;127.2;67.2;508.8
21-03-2026 08:15;129.6;69.6;518.4
21-03-2026 08:30;132;67.2;528
21-03-2026 08:45;134.4;69.6;537.6
21-03-2026 09:00;141.6;69.6;566.4
21-03-2026 09:15;146.4;72;585.6
21-03-2026 09:30;151.2;69.6;604.8
21-03-2026 09:45;153.6;72;614.4
21-03-2026 10:00;156;69.6;624
21-03-2026 10:15;160.8;72;643.2
21-03-2026 10:30;160.8;72;643.2
21-03-2026 10:45;163.2;69.6;652.8
21-03-2026 11:00;168;69.6;672
21-03-2026 11:15;165.6;64.8;662.4
21-03-2026 11:30;168;69.6;672
21-03-2026 11:45;172.8;69.6;691.2
21-03-2026 12:00;172.8;67.2;691.2
21-03-2026 12:15;180;69.6;720
21-03-2026 12:30;182.4;67.2;729.6
21-03-2026 12:45;180;69.6;720
21-03-2026 13:00;180;69.6;720
21-03-2026 13:15;175.2;69.6;700.8
21-03-2026 13:30;172.8;67.2;691.2
21-03-2026 13:45;175.2;67.2;700.8
21-03-2026 14:00;175.2;69.6;700.8
21-03-2026 14:15;175.2;72;700.8
21-03-2026 14:30;170.4;69.6;681.6
21-03-2026 14:45;165.6;72;662.4
21-03-2026 15:00;165.6;72;662.4
21-03-2026 15:15;160.8;72;643.2
21-03-2026 15:30;158.4;72;633.6
21-03-2026 15:45;156;72;624
21-03-2026 16:00;160.8;72;643.2
21-03-2026 16:15;163.2;74.4;652.8
21-03-2026 16:30;158.4;72;633.6
21-03-2026 16:45;158.4;72;633.6
21-03-2026 17:00;158.4;72;633.6
21-03-2026 17:15;163.2;69.6;652.8
21-03-2026 17:30;168;72;672
21-03-2026 17:45;172.8;72;691.2
21-03-2026 18:00;170.4;72;681.6
21-03-2026 18:15;175.2;72;700.8
21-03-2026 18:30;170.4;69.6;681.6
21-03-2026 18:45;180;69.6;720
21-03-2026 19:00;172.8;69.6;691.2
21-03-2026 19:15;182.4;69.6;729.6
21-03-2026 19:30;199.2;67.2;796.8
21-03-2026 19:45;216;57.6;864
21-03-2026 20:00;220.8;55.2;883.2
21-03-2026 20:15;232.8;57.6;931.2
21-03-2026 20:30;235.2;55.2;940.8
21-03-2026 20:45;242.4;55.2;969.6
21-03-2026 21:00;237.6;57.6;950.4
21-03-2026 21:15;230.4;57.6;921.6
21-03-2026 21:30;220.8;57.6;883.2
21-03-2026 21:45;218.4;57.6;873.6
21-03-2026 22:00;213.6;55.2;854.4
21-03-2026 22:15;208.8;55.2;835.2
21-03-2026 22:30;206.4;55.2;825.6
21-03-2026 22:45;196.8;55.2;787.2
21-03-2026 23:00;192;57.6;768
21-03-2026 23:15;184.8;52.8;739.2
21-03-2026 23:30;177.6;55.2;710.4
21-03-2026 23:45;172.8;52.8;691.2
22-03-2026 00:00;170.4;52.8;681.6
22-03-2026 00:15;163.2;55.2;652.8
22-03-2026 00:30;163.2;52.8;652.8
22-03-2026 00:45;156;55.2;624
22-03-2026 01:00;156;52.8;624
22-03-2026 01:15;153.6;57.6;614.4
22-03-2026 01:30;151.2;55.2;604.8
22-03-2026 01:45;146.4;55.2;585.6
22-03-2026 02:00;139.2;57.6;556.8
22-03-2026 02:15;139.2;55.2;556.8
22-03-2026 02:30;134.4;60;537.6
22-03-2026 02:45;134.4;57.6;537.6
22-03-2026 03:00;132;55.2;528
22-03-2026 03:15;132;57.6;528
22-03-2026 03:30;134.4;57.6;537.6
22-03-2026 03:45;129.6;60;518.4
22-03-2026 04:00;129.6;57.6;518.4
22-03-2026 04:15;124.8;57.6;499.2
22-03-2026 04:30;124.8;55.2;499.2
22-03-2026 04:45;127.2;57.6;508.8
22-03-2026 05:00;122.4;55.2;489.6
22-03-2026 05:15;124.8;50.4;499.2
22-03-2026 05:30;122.4;50.4;489.6
22-03-2026 05:45;122.4;48;489.6
22-03-2026 06:00;124.8;50.4;499.2
22-03-2026 06:15;124.8;50.4;499.2
22-03-2026 06:30;122.4;50.4;489.6
22-03-2026 06:45;124.8;48;499.2
22-03-2026 07:00;115.2;52.8;460.8
22-03-2026 07:15;100.8;57.6;403.2
22-03-2026 07:30;96;57.6;384
22-03-2026 07:45;98.4;57.6;393.6
22-03-2026 08:00;100.8;57.6;403.2
22-03-2026 08:15;108;60;432
22-03-2026 08:30;110.4;62.4;441.6
22-03-2026 08:45;122.4;64.8;489.6
22-03-2026 09:00;122.4;62.4;489.6
22-03-2026 09:15;124.8;62.4;499.2
22-03-2026 09:30;129.6;60;518.4
22-03-2026 09:45;127.2;62.4;508.8
22-03-2026 10:00;136.8;62.4;547.2
22-03-2026 10:15;136.8;64.8;547.2
22-03-2026 10:30;144;62.4;576
22-03-2026 10:45;141.6;64.8;566.4
22-03-2026 11:00;144;64.8;576
22-03-2026 11:15;146.4;64.8;585.6
22-03-2026 11:30;151.2;67.2;604.8
22-03-2026 11:45;153.6;67.2;614.4
22-03-2026 12:00;153.6;67.2;614.4
22-03-2026 12:15;163.2;67.2;652.8
22-03-2026 12:30;163.2;69.6;652.8
22-03-2026 12:45;160.8;72;643.2
22-03-2026 13:00;165.6;74.4;662.4
22-03-2026 13:15;160.8;72;643.2
22-03-2026 13:30;163.2;74.4;652.8
22-03-2026 13:45;165.6;72;662.4
22-03-2026 14:00;160.8;74.4;643.2
22-03-2026 14:15;160.8;72;643.2
22-03-2026 14:30;153.6;72;614.4
22-03-2026 14:45;153.6;72;614.4
22-03-2026 15:00;156;74.4;624
22-03-2026 15:15;156;72;624
22-03-2026 15:30;158.4;74.4;633.6
22-03-2026 15:45;151.2;72;604.8
22-03-2026 16:00;153.6;72;614.4
22-03-2026 16:15;153.6;74.4;614.4
22-03-2026 16:30;153.6;74.4;614.4
22-03-2026 16:45;153.6;69.6;614.4
22-03-2026 17:00;151.2;72;604.8
22-03-2026 17:15;144;72;576
22-03-2026 17:30;146.4;69.6;585.6
22-03-2026 17:45;146.4;69.6;585.6
22-03-2026 18:00;153.6;69.6;614.4
22-03-2026 18:15;153.6;72;614.4
22-03-2026 18:30;156;72;624
22-03-2026 18:45;158.4;69.6;633.6
22-03-2026 19:00;158.4;69.6;633.6
22-03-2026 19:15;168;67.2;672
22-03-2026 19:30;189.6;62.4;758.4
22-03-2026 19:45;211.2;57.6;844.8
22-03-2026 20:00;218.4;55.2;873.6
22-03-2026 20:15;225.6;55.2;902.4
22-03-2026 20:30;230.4;55.2;921.6
22-03-2026 20:45;232.8;55.2;931.2
22-03-2026 21:00;230.4;55.2;921.6
22-03-2026 21:15;228;50.4;912
22-03-2026 21:30;220.8;52.8;883.2
22-03-2026 21:45;220.8;52.8;883.2
22-03-2026 22:00;213.6;55.2;854.4
22-03-2026 22:15;211.2;52.8;844.8
22-03-2026 22:30;204;52.8;816
22-03-2026 22:45;204;52.8;816
22-03-2026 23:00;194.4;52.8;777.6
22-03-2026 23:15;192;52.8;768
22-03-2026 23:30;187.2;55.2;748.8
22-03-2026 23:45;172.8;52.8;691.2
23-03-2026 00:00;170.4;52.8;681.6
23-03-2026 00:15;165.6;52.8;662.4
23-03-2026 00:30;163.2;52.8;652.8
23-03-2026 00:45;156;57.6;624
23-03-2026 01:00;151.2;55.2;604.8
23-03-2026 01:15;144;55.2;576
23-03-2026 01:30;144;55.2;576
23-03-2026 01:45;144;57.6;576
23-03-2026 02:00;141.6;57.6;566.4
23-03-2026 02:15;139.2;57.6;556.8
23-03-2026 02:30;134.4;55.2;537.6
23-03-2026 02:45;134.4;52.8;537.6
23-03-2026 03:00;134.4;57.6;537.6
23-03-2026 03:15;134.4;57.6;537.6
23-03-2026 03:30;132;55.2;528
23-03-2026 03:45;129.6;57.6;518.4
23-03-2026 04:00;129.6;55.2;518.4
23-03-2026 04:15;129.6;55.2;518.4
23-03-2026 04:30;127.2;55.2;508.8
23-03-2026 04:45;132;57.6;528
23-03-2026 05:00;132;55.2;528
23-03-2026 05:15;132;57.6;528
23-03-2026 05:30;132;57.6;528
23-03-2026 05:45;132;55.2;528
23-03-2026 06:00;132;55.2;528
23-03-2026 06:15;136.8;55.2;547.2
23-03-2026 06:30;136.8;57.6;547.2
23-03-2026 06:45;136.8;52.8;547.2
23-03-2026 07:00;139.2;55.2;556.8
23-03-2026 07:15;136.8;57.6;547.2
23-03-2026 07:30;124.8;55.2;499.2
23-03-2026 07:45;115.2;60;460.8
23-03-2026 08:00;117.6;60;470.4
23-03-2026 08:15;122.4;62.4;489.6
23-03-2026 08:30;132;64.8;528
23-03-2026 08:45;139.2;67.2;556.8
23-03-2026 09:00;144;69.6;576
23-03-2026 09:15;148.8;67.2;595.2
23-03-2026 09:30;144;64.8;576
23-03-2026 09:45;146.4;62.4;585.6
23-03-2026 10:00;146.4;62.4;585.6
23-03-2026 10:15;151.2;64.8;604.8
23-03-2026 10:30;151.2;67.2;604.8
23-03-2026 10:45;151.2;67.2;604.8
23-03-2026 11:00;153.6;64.8;614.4
23-03-2026 11:15;160.8;69.6;643.2
23-03-2026 11:30;163.2;69.6;652.8
23-03-2026 11:45;168;72;672
23-03-2026 12:00;168;72;672
23-03-2026 12:15;175.2;74.4;700.8
23-03-2026 12:30;172.8;74.4;691.2
23-03-2026 12:45;175.2;72;700.8
23-03-2026 13:00;182.4;74.4;729.6
23-03-2026 13:15;172.8;72;691.2
23-03-2026 13:30;177.6;72;710.4
23-03-2026 13:45;187.2;72;748.8
23-03-2026 14:00;182.4;69.6;729.6
23-03-2026 14:15;177.6;72;710.4
23-03-2026 14:30;180;72;720
23-03-2026 14:45;180;69.6;720
23-03-2026 15:00;177.6;67.2;710.4
23-03-2026 15:15;175.2;67.2;700.8
23-03-2026 15:30;172.8;69.6;691.2
23-03-2026 15:45;175.2;72;700.8
23-03-2026 16:00;177.6;69.6;710.4
23-03-2026 16:15;170.4;69.6;681.6
23-03-2026 16:30;165.6;67.2;662.4
23-03-2026 16:45;168;72;672
23-03-2026 17:00;163.2;64.8;652.8
23-03-2026 17:15;160.8;64.8;643.2
23-03-2026 17:30;165.6;64.8;662.4
23-03-2026 17:45;165.6;64.8;662.4
23-03-2026 18:00;168;67.2;672
23-03-2026 18:15;163.2;64.8;652.8
23-03-2026 18:30;163.2;62.4;652.8
23-03-2026 18:45;168;64.8;672
23-03-2026 19:00;175.2;64.8;700.8
23-03-2026 19:15;182.4;60;729.6
23-03-2026 19:30;206.4;57.6;825.6
23-03-2026 19:45;228;55.2;912
23-03-2026 20:00;237.6;52.8;950.4
23-03-2026 20:15;249.6;52.8;998.4
23-03-2026 20:30;247.2;55.2;988.8
23-03-2026 20:45;247.2;50.4;988.8
23-03-2026 21:00;240;50.4;960
23-03-2026 21:15;240;50.4;960
23-03-2026 21:30;237.6;50.4;950.4
23-03-2026 21:45;232.8;52.8;931.2
23-03-2026 22:00;225.6;50.4;902.4
23-03-2026 22:15;220.8;50.4;883.2
23-03-2026 22:30;206.4;50.4;825.6
23-03-2026 22:45;196.8;52.8;787.2
23-03-2026 23:00;199.2;50.4;796.8
23-03-2026 23:15;184.8;50.4;739.2
23-03-2026 23:30;184.8;50.4;739.2
23-03-2026 23:45;175.2;52.8;700.8
24-03-2026 00:00;168;52.8;672
24-03-2026 00:15;168;52.8;672
24-03-2026 00:30;160.8;50.4;643.2
24-03-2026 00:45;153.6;52.8;614.4
24-03-2026 01:00;148.8;50.4;595.2
24-03-2026 01:15;144;52.8;576
24-03-2026 01:30;139.2;50.4;556.8
24-03-2026 01:45;139.2;50.4;556.8
24-03-2026 02:00;134.4;50.4;537.6
24-03-2026 02:15;132;50.4;528
24-03-2026 02:30;129.6;50.4;518.4
24-03-2026 02:45;127.2;50.4;508.8
24-03-2026 03:00;124.8;48;499.2
24-03-2026 03:15;127.2;50.4;508.8
24-03-2026 03:30;122.4;50.4;489.6
24-03-2026 03:45;122.4;50.4;489.6
24-03-2026 04:00;124.8;48;499.2
24-03-2026 04:15;122.4;50.4;489.6
24-03-2026 04:30;122.4;50.4;489.6
24-03-2026 04:45;122.4;48;489.6
24-03-2026 05:00;124.8;50.4;499.2
24-03-2026 05:15;122.4;45.6;489.6
24-03-2026 05:30;120;50.4;480
24-03-2026 05:45;122.4;48;489.6
24-03-2026 06:00;120;48;480
24-03-2026 06:15;120;48;480
24-03-2026 06:30;122.4;48;489.6
24-03-2026 06:45;124.8;48;499.2
24-03-2026 07:00;120;48;480
24-03-2026 07:15;100.8;48;403.2
24-03-2026 07:30;98.4;50.4;393.6
24-03-2026 07:45;96;48;384
24-03-2026 08:00;100.8;50.4;403.2
24-03-2026 08:15;108;50.4;432
24-03-2026 08:30;115.2;50.4;460.8
24-03-2026 08:45;122.4;50.4;489.6
24-03-2026 09:00;122.4;52.8;489.6
24-03-2026 09:15;132;52.8;528
24-03-2026 09:30;141.6;52.8;566.4
24-03-2026 09:45;141.6;50.4;566.4
24-03-2026 10:00;148.8;55.2;595.2
24-03-2026 10:15;148.8;55.2;595.2
24-03-2026 10:30;144;55.2;576
24-03-2026 10:45;148.8;57.6;595.2
24-03-2026 11:00;153.6;57.6;614.4
24-03-2026 11:15;158.4;60;633.6
24-03-2026 11:30;160.8;60;643.2
24-03-2026 11:45;160.8;60;643.2
24-03-2026 12:00;168;60;672
24-03-2026 12:15;165.6;62.4;662.4
24-03-2026 12:30;168;62.4;672
24-03-2026 12:45;168;60;672
24-03-2026 13:00;170.4;62.4;681.6
24-03-2026 13:15;168;60;672
24-03-2026 13:30;170.4;67.2;681.6
24-03-2026 13:45;165.6;67.2;662.4
24-03-2026 14:00;165.6;64.8;662.4
24-03-2026 14:15;163.2;67.2;652.8
24-03-2026 14:30;160.8;67.2;643.2
24-03-2026 14:45;163.2;67.2;652.8
24-03-2026 15:00;160.8;69.6;643.2
24-03-2026 15:15;158.4;69.6;633.6
24-03-2026 15:30;156;69.6;624
24-03-2026 15:45;153.6;69.6;614.4
24-03-2026 16:00;151.2;72;604.8
24-03-2026 16:15;158.4;69.6;633.6
24-03-2026 16:30;153.6;67.2;614.4
24-03-2026 16:45;156;69.6;624
24-03-2026 17:00;156;69.6;624
24-03-2026 17:15;153.6;67.2;614.4
24-03-2026 17:30;158.4;64.8;633.6
24-03-2026 17:45;153.6;64.8;614.4
24-03-2026 18:00;158.4;67.2;633.6
24-03-2026 18:15;163.2;64.8;652.8
24-03-2026 18:30;168;67.2;672
24-03-2026 18:45;175.2;64.8;700.8
24-03-2026 19:00;175.2;62.4;700.8
24-03-2026 19:15;184.8;62.4;739.2
24-03-2026 19:30;206.4;57.6;825.6
24-03-2026 19:45;230.4;50.4;921.6
24-03-2026 20:00;237.6;48;950.4
24-03-2026 20:15;242.4;48;969.6
24-03-2026 20:30;247.2;48;988.8
24-03-2026 20:45;249.6;48;998.4
24-03-2026 21:00;252;48;1008
24-03-2026 21:15;244.8;48;979.2
24-03-2026 21:30;237.6;50.4;950.4
24-03-2026 21:45;230.4;48;921.6
24-03-2026 22:00;228;48;912
24-03-2026 22:15;220.8;48;883.2
24-03-2026 22:30;211.2;45.6;844.8
24-03-2026 22:45;201.6;45.6;806.4
24-03-2026 23:00;192;50.4;768
24-03-2026 23:15;187.2;50.4;748.8
24-03-2026 23:30;172.8;48;691.2
24-03-2026 23:45;168;48;672
25-03-2026 00:00;163.2;50.4;652.8
25-03-2026 00:15;163.2;50.4;652.8
25-03-2026 00:30;156;50.4;624
25-03-2026 00:45;151.2;50.4;604.8
25-03-2026 01:00;146.4;52.8;585.6
25-03-2026 01:15;141.6;50.4;566.4
25-03-2026 01:30;141.6;50.4;566.4
25-03-2026 01:45;134.4;52.8;537.6
25-03-2026 02:00;132;50.4;528
25-03-2026 02:15;129.6;50.4;518.4
25-03-2026 02:30;127.2;50.4;508.8
25-03-2026 02:45;124.8;48;499.2
25-03-2026 03:00;127.2;50.4;508.8
25-03-2026 03:15;124.8;50.4;499.2
25-03-2026 03:30;124.8;48;499.2
25-03-2026 03:45;122.4;48;489.6
25-03-2026 04:00;124.8;48;499.2
25-03-2026 04:15;122.4;50.4;489.6
25-03-2026 04:30;124.8;50.4;499.2
25-03-2026 04:45;124.8;48;499.2
25-03-2026 05:00;124.8;48;499.2
25-03-2026 05:15;124.8;50.4;499.2
25-03-2026 05:30;129.6;48;518.4
25-03-2026 05:45;127.2;48;508.8
25-03-2026 06:00;129.6;50.4;518.4
25-03-2026 06:15;141.6;48;566.4
25-03-2026 06:30;148.8;50.4;595.2
25-03-2026 06:45;151.2;48;604.8
25-03-2026 07:00;146.4;50.4;585.6
25-03-2026 07:15;134.4;57.6;537.6
25-03-2026 07:30;129.6;60;518.4
25-03-2026 07:45;129.6;64.8;518.4
25-03-2026 08:00;136.8;64.8;547.2
25-03-2026 08:15;148.8;67.2;595.2
25-03-2026 08:30;151.2;64.8;604.8
25-03-2026 08:45;156;69.6;624
25-03-2026 09:00;158.4;67.2;633.6
25-03-2026 09:15;158.4;67.2;633.6
25-03-2026 09:30;165.6;67.2;662.4
25-03-2026 09:45;165.6;69.6;662.4
25-03-2026 10:00;163.2;69.6;652.8
25-03-2026 10:15;170.4;74.4;681.6
25-03-2026 10:30;170.4;72;681.6
25-03-2026 10:45;168;69.6;672
25-03-2026 11:00;160.8;67.2;643.2
25-03-2026 11:15;165.6;64.8;662.4
25-03-2026 11:30;170.4;67.2;681.6
25-03-2026 11:45;172.8;72;691.2
25-03-2026 12:00;177.6;69.6;710.4
25-03-2026 12:15;177.6;69.6;710.4
25-03-2026 12:30;177.6;69.6;710.4
25-03-2026 12:45;177.6;74.4;710.4
25-03-2026 13:00;180;74.4;720
25-03-2026 13:15;175.2;72;700.8
25-03-2026 13:30;172.8;72;691.2
25-03-2026 13:45;175.2;69.6;700.8
25-03-2026 14:00;177.6;74.4;710.4
25-03-2026 14:15;180;72;720
25-03-2026 14:30;175.2;72;700.8
25-03-2026 14:45;165.6;67.2;662.4
25-03-2026 15:00;165.6;69.6;662.4
25-03-2026 15:15;163.2;69.6;652.8
25-03-2026 15:30;160.8;67.2;643.2
25-03-2026 15:45;165.6;74.4;662.4
25-03-2026 16:00;165.6;74.4;662.4
25-03-2026 16:15;163.2;74.4;652.8
25-03-2026 16:30;168;74.4;672
25-03-2026 16:45;172.8;74.4;691.2
25-03-2026 17:00;175.2;76.8;700.8
25-03-2026 17:15;175.2;72;700.8
25-03-2026 17:30;182.4;72;729.6
25-03-2026 17:45;182.4;74.4;729.6
25-03-2026 18:00;182.4;69.6;729.6
25-03-2026 18:15;182.4;74.4;729.6
25-03-2026 18:30;182.4;74.4;729.6
25-03-2026 18:45;182.4;72;729.6
25-03-2026 19:00;199.2;74.4;796.8
25-03-2026 19:15;206.4;74.4;825.6
25-03-2026 19:30;228;62.4;912
25-03-2026 19:45;247.2;60;988.8
25-03-2026 20:00;261.6;57.6;1046.4
25-03-2026 20:15;259.2;55.2;1036.8
25-03-2026 20:30;264;55.2;1056
25-03-2026 20:45;268.8;60;1075.2
25-03-2026 21:00;259.2;55.2;1036.8
25-03-2026 21:15;249.6;55.2;998.4
25-03-2026 21:30;240;52.8;960
25-03-2026 21:45;244.8;60;979.2
25-03-2026 22:00;232.8;55.2;931.2
25-03-2026 22:15;225.6;57.6;902.4
25-03-2026 22:30;213.6;57.6;854.4
25-03-2026 22:45;211.2;55.2;844.8
25-03-2026 23:00;206.4;57.6;825.6
25-03-2026 23:15;196.8;57.6;787.2
25-03-2026 23:30;196.8;57.6;787.2
25-03-2026 23:45;189.6;57.6;758.4
26-03-2026 00:00;184.8;57.6;739.2
26-03-2026 00:15;170.4;55.2;681.6
26-03-2026 00:30;165.6;57.6;662.4
26-03-2026 00:45;160.8;57.6;643.2
26-03-2026 01:00;148.8;57.6;595.2
26-03-2026 01:15;148.8;62.4;595.2
26-03-2026 01:30;144;55.2;576
26-03-2026 01:45;139.2;60;556.8
26-03-2026 02:00;141.6;57.6;566.4
26-03-2026 02:15;136.8;60;547.2
26-03-2026 02:30;134.4;57.6;537.6
26-03-2026 02:45;132;60;528
26-03-2026 03:00;134.4;57.6;537.6
26-03-2026 03:15;129.6;60;518.4
26-03-2026 03:30;132;60;528
26-03-2026 03:45;129.6;60;518.4
26-03-2026 04:00;127.2;60;508.8
26-03-2026 04:15;127.2;57.6;508.8
26-03-2026 04:30;129.6;60;518.4
26-03-2026 04:45;127.2;57.6;508.8
26-03-2026 05:00;129.6;57.6;518.4
26-03-2026 05:15;132;57.6;528
26-03-2026 05:30;134.4;55.2;537.6
26-03-2026 05:45;134.4;55.2;537.6
26-03-2026 06:00;132;55.2;528
26-03-2026 06:15;144;55.2;576
26-03-2026 06:30;151.2;55.2;604.8
26-03-2026 06:45;158.4;55.2;633.6
26-03-2026 07:00;153.6;55.2;614.4
26-03-2026 07:15;134.4;57.6;537.6
26-03-2026 07:30;129.6;60;518.4
26-03-2026 07:45;129.6;60;518.4
26-03-2026 08:00;127.2;64.8;508.8
26-03-2026 08:15;134.4;60;537.6
26-03-2026 08:30;141.6;67.2;566.4
26-03-2026 08:45;148.8;69.6;595.2
26-03-2026 09:00;153.6;74.4;614.4
26-03-2026 09:15;153.6;76.8;614.4
26-03-2026 09:30;153.6;69.6;614.4
26-03-2026 09:45;158.4;69.6;633.6
26-03-2026 10:00;160.8;69.6;643.2
26-03-2026 10:15;158.4;69.6;633.6
26-03-2026 10:30;168;72;672
26-03-2026 10:45;177.6;74.4;710.4
26-03-2026 11:00;180;79.2;720
26-03-2026 11:15;184.8;79.2;739.2
26-03-2026 11:30;182.4;76.8;729.6
26-03-2026 11:45;187.2;76.8;748.8
26-03-2026 12:00;182.4;79.2;729.6
26-03-2026 12:15;182.4;79.2;729.6
26-03-2026 12:30;182.4;81.6;729.6
26-03-2026 12:45;180;81.6;720
26-03-2026 13:00;184.8;79.2;739.2
26-03-2026 13:15;187.2;88.8;748.8
26-03-2026 13:30;182.4;81.6;729.6
26-03-2026 13:45;180;81.6;720
26-03-2026 14:00;177.6;76.8;710.4
26-03-2026 14:15;177.6;79.2;710.4
26-03-2026 14:30;180;79.2;720
26-03-2026 14:45;184.8;79.2;739.2
26-03-2026 15:00;180;79.2;720
26-03-2026 15:15;184.8;84;739.2
26-03-2026 15:30;182.4;84;729.6
26-03-2026 15:45;177.6;81.6;710.4
26-03-2026 16:00;170.4;79.2;681.6
26-03-2026 16:15;170.4;81.6;681.6
26-03-2026 16:30;172.8;79.2;691.2
26-03-2026 16:45;175.2;74.4;700.8
26-03-2026 17:00;180;76.8;720
26-03-2026 17:15;177.6;79.2;710.4
26-03-2026 17:30;184.8;76.8;739.2
26-03-2026 17:45;182.4;79.2;729.6
26-03-2026 18:00;184.8;79.2;739.2
26-03-2026 18:15;189.6;84;758.4
26-03-2026 18:30;184.8;81.6;739.2
26-03-2026 18:45;194.4;76.8;777.6
26-03-2026 19:00;196.8;74.4;787.2
26-03-2026 19:15;211.2;69.6;844.8
26-03-2026 19:30;235.2;62.4;940.8
26-03-2026 19:45;249.6;57.6;998.4
26-03-2026 20:00;261.6;60;1046.4
26-03-2026 20:15;261.6;62.4;1046.4
26-03-2026 20:30;266.4;57.6;1065.6
26-03-2026 20:45;266.4;60;1065.6
26-03-2026 21:00;271.2;57.6;1084.8
26-03-2026 21:15;266.4;60;1065.6
26-03-2026 21:30;259.2;57.6;1036.8
26-03-2026 21:45;254.4;60;1017.6
26-03-2026 22:00;247.2;62.4;988.8
26-03-2026 22:15;240;64.8;960
26-03-2026 22:30;230.4;62.4;921.6
26-03-2026 22:45;225.6;62.4;902.4
26-03-2026 23:00;216;55.2;864
26-03-2026 23:15;204;57.6;816
26-03-2026 23:30;196.8;55.2;787.2
26-03-2026 23:45;189.6;52.8;758.4
27-03-2026 00:00;184.8;55.2;739.2
27-03-2026 00:15;172.8;52.8;691.2
27-03-2026 00:30;172.8;57.6;691.2
27-03-2026 00:45;165.6;57.6;662.4
27-03-2026 01:00;158.4;57.6;633.6
27-03-2026 01:15;151.2;57.6;604.8
27-03-2026 01:30;151.2;57.6;604.8
27-03-2026 01:45;146.4;57.6;585.6
27-03-2026 02:00;146.4;57.6;585.6
27-03-2026 02:15;144;60;576
27-03-2026 02:30;141.6;60;566.4
27-03-2026 02:45;141.6;62.4;566.4
27-03-2026 03:00;139.2;62.4;556.8
27-03-2026 03:15;139.2;55.2;556.8
27-03-2026 03:30;139.2;50.4;556.8
27-03-2026 03:45;134.4;48;537.6
27-03-2026 04:00;134.4;48;537.6
27-03-2026 04:15;136.8;48;547.2
27-03-2026 04:30;136.8;48;547.2
27-03-2026 04:45;134.4;48;537.6
27-03-2026 05:00;136.8;48;547.2
27-03-2026 05:15;139.2;48;556.8
27-03-2026 05:30;141.6;48;566.4
27-03-2026 05:45;146.4;50.4;585.6
27-03-2026 06:00;146.4;50.4;585.6
27-03-2026 06:15;151.2;48;604.8
27-03-2026 06:30;158.4;50.4;633.6
27-03-2026 06:45;160.8;45.6;643.2
27-03-2026 07:00;158.4;48;633.6
27-03-2026 07:15;141.6;48;566.4
27-03-2026 07:30;132;55.2;528
27-03-2026 07:45;136.8;55.2;547.2
27-03-2026 08:00;136.8;57.6;547.2
27-03-2026 08:15;146.4;57.6;585.6
27-03-2026 08:30;148.8;67.2;595.2
27-03-2026 08:45;158.4;67.2;633.6
27-03-2026 09:00;165.6;69.6;662.4
27-03-2026 09:15;172.8;67.2;691.2
27-03-2026 09:30;170.4;62.4;681.6
27-03-2026 09:45;175.2;64.8;700.8
27-03-2026 10:00;175.2;64.8;700.8
27-03-2026 10:15;177.6;64.8;710.4
27-03-2026 10:30;182.4;67.2;729.6
27-03-2026 10:45;187.2;67.2;748.8
27-03-2026 11:00;187.2;67.2;748.8
27-03-2026 11:15;194.4;67.2;777.6
27-03-2026 11:30;196.8;67.2;787.2
27-03-2026 11:45;196.8;67.2;787.2
27-03-2026 12:00;199.2;67.2;796.8
27-03-2026 12:15;204;69.6;816
27-03-2026 12:30;204;74.4;816
27-03-2026 12:45;208.8;81.6;835.2
27-03-2026 13:00;208.8;79.2;835.2
27-03-2026 13:15;211.2;81.6;844.8
27-03-2026 13:30;204;76.8;816
27-03-2026 13:45;199.2;72;796.8
27-03-2026 14:00;201.6;69.6;806.4
27-03-2026 14:15;201.6;72;806.4
27-03-2026 14:30;196.8;72;787.2
27-03-2026 14:45;194.4;76.8;777.6
27-03-2026 15:00;199.2;79.2;796.8
27-03-2026 15:15;199.2;76.8;796.8
27-03-2026 15:30;189.6;76.8;758.4
27-03-2026 15:45;189.6;76.8;758.4
27-03-2026 16:00;187.2;76.8;748.8
27-03-2026 16:15;182.4;76.8;729.6
27-03-2026 16:30;184.8;76.8;739.2
27-03-2026 16:45;187.2;74.4;748.8
27-03-2026 17:00;192;79.2;768
27-03-2026 17:15;194.4;74.4;777.6
27-03-2026 17:30;199.2;76.8;796.8
27-03-2026 17:45;201.6;79.2;806.4
27-03-2026 18:00;196.8;74.4;787.2
27-03-2026 18:15;204;76.8;816
27-03-2026 18:30;204;76.8;816
27-03-2026 18:45;211.2;79.2;844.8
27-03-2026 19:00;230.4;76.8;921.6
27-03-2026 19:15;247.2;69.6;988.8
27-03-2026 19:30;256.8;67.2;1027.2
27-03-2026 19:45;271.2;67.2;1084.8
27-03-2026 20:00;268.8;64.8;1075.2
27-03-2026 20:15;271.2;64.8;1084.8
27-03-2026 20:30;276;67.2;1104
27-03-2026 20:45;278.4;64.8;1113.6
27-03-2026 21:00;271.2;62.4;1084.8
27-03-2026 21:15;261.6;64.8;1046.4
27-03-2026 21:30;264;64.8;1056
27-03-2026 21:45;259.2;62.4;1036.8
27-03-2026 22:00;254.4;67.2;1017.6
27-03-2026 22:15;249.6;64.8;998.4
27-03-2026 22:30;235.2;64.8;940.8
27-03-2026 22:45;230.4;64.8;921.6
27-03-2026 23:00;225.6;64.8;902.4
27-03-2026 23:15;220.8;67.2;883.2
27-03-2026 23:30;213.6;67.2;854.4
27-03-2026 23:45;201.6;67.2;806.4
28-03-2026 00:00;199.2;67.2;796.8
28-03-2026 00:15;194.4;67.2;777.6
28-03-2026 00:30;187.2;67.2;748.8
28-03-2026 00:45;182.4;69.6;729.6
28-03-2026 01:00;177.6;69.6;710.4
28-03-2026 01:15;177.6;72;710.4
28-03-2026 01:30;172.8;72;691.2
28-03-2026 01:45;170.4;72;681.6
28-03-2026 02:00;168;72;672
28-03-2026 02:15;165.6;69.6;662.4
28-03-2026 02:30;165.6;72;662.4
28-03-2026 02:45;160.8;69.6;643.2
28-03-2026 03:00;163.2;72;652.8
28-03-2026 03:15;160.8;74.4;643.2
28-03-2026 03:30;160.8;74.4;643.2
28-03-2026 03:45;156;72;624
28-03-2026 04:00;156;72;624
28-03-2026 04:15;156;69.6;624
28-03-2026 04:30;156;67.2;624
28-03-2026 04:45;153.6;67.2;614.4
28-03-2026 05:00;156;67.2;624
28-03-2026 05:15;153.6;64.8;614.4
28-03-2026 05:30;153.6;67.2;614.4
28-03-2026 05:45;156;67.2;624
28-03-2026 06:00;153.6;67.2;614.4
28-03-2026 06:15;151.2;67.2;604.8
28-03-2026 06:30;151.2;64.8;604.8
28-03-2026 06:45;151.2;64.8;604.8
28-03-2026 07:00;151.2;62.4;604.8
28-03-2026 07:15;151.2;67.2;604.8
28-03-2026 07:30;139.2;64.8;556.8
28-03-2026 07:45;127.2;72;508.8
28-03-2026 08:00;129.6;74.4;518.4
28-03-2026 08:15;139.2;76.8;556.8
28-03-2026 08:30;141.6;74.4;566.4
28-03-2026 08:45;146.4;74.4;585.6
28-03-2026 09:00;151.2;74.4;604.8
28-03-2026 09:15;156;76.8;624
28-03-2026 09:30;156;72;624
28-03-2026 09:45;165.6;76.8;662.4
28-03-2026 10:00;168;79.2;672
28-03-2026 10:15;182.4;76.8;729.6
28-03-2026 10:30;182.4;79.2;729.6
28-03-2026 10:45;182.4;76.8;729.6
28-03-2026 11:00;187.2;76.8;748.8
28-03-2026 11:15;187.2;76.8;748.8
28-03-2026 11:30;184.8;76.8;739.2
28-03-2026 11:45;189.6;76.8;758.4
28-03-2026 12:00;199.2;76.8;796.8
28-03-2026 12:15;204;76.8;816
28-03-2026 12:30;206.4;76.8;825.6
28-03-2026 12:45;216;76.8;864
28-03-2026 13:00;218.4;76.8;873.6
28-03-2026 13:15;218.4;74.4;873.6
28-03-2026 13:30;223.2;74.4;892.8
28-03-2026 13:45;228;74.4;912
28-03-2026 14:00;223.2;74.4;892.8
28-03-2026 14:15;230.4;74.4;921.6
28-03-2026 14:30;230.4;74.4;921.6
28-03-2026 14:45;242.4;76.8;969.6
28-03-2026 15:00;254.4;76.8;1017.6
28-03-2026 15:15;256.8;76.8;1027.2
28-03-2026 15:30;254.4;74.4;1017.6
28-03-2026 15:45;256.8;76.8;1027.2
28-03-2026 16:00;256.8;76.8;1027.2
28-03-2026 16:15;259.2;76.8;1036.8
28-03-2026 16:30;259.2;76.8;1036.8
28-03-2026 16:45;266.4;76.8;1065.6
28-03-2026 17:00;268.8;76.8;1075.2
28-03-2026 17:15;278.4;79.2;1113.6
28-03-2026 17:30;280.8;79.2;1123.2
28-03-2026 17:45;283.2;76.8;1132.8
28-03-2026 18:00;278.4;79.2;1113.6
28-03-2026 18:15;280.8;76.8;1123.2
28-03-2026 18:30;271.2;79.2;1084.8
28-03-2026 18:45;273.6;81.6;1094.4
28-03-2026 19:00;276;76.8;1104
28-03-2026 19:15;288;72;1152
28-03-2026 19:30;309.6;67.2;1238.4
28-03-2026 19:45;331.2;67.2;1324.8
28-03-2026 20:00;336;67.2;1344
28-03-2026 20:15;345.6;69.6;1382.4
28-03-2026 20:30;345.6;69.6;1382.4
28-03-2026 20:45;338.4;67.2;1353.6
28-03-2026 21:00;336;69.6;1344
28-03-2026 21:15;326.4;67.2;1305.6
28-03-2026 21:30;321.6;69.6;1286.4
28-03-2026 21:45;304.8;69.6;1219.2
28-03-2026 22:00;300;69.6;1200
28-03-2026 22:15;295.2;72;1180.8
28-03-2026 22:30;288;72;1152
28-03-2026 22:45;285.6;74.4;1142.4
28-03-2026 23:00;280.8;72;1123.2
28-03-2026 23:15;273.6;74.4;1094.4
28-03-2026 23:30;271.2;72;1084.8
28-03-2026 23:45;271.2;74.4;1084.8
29-03-2026 00:00;264;76.8;1056
29-03-2026 00:15;254.4;76.8;1017.6
29-03-2026 00:30;247.2;74.4;988.8
29-03-2026 00:45;244.8;79.2;979.2
29-03-2026 01:00;240;76.8;960
29-03-2026 01:15;237.6;76.8;950.4
29-03-2026 01:30;228;79.2;912
29-03-2026 01:45;223.2;76.8;892.8
29-03-2026 02:00;216;76.8;864
29-03-2026 02:15;216;76.8;864
29-03-2026 02:30;213.6;79.2;854.4
29-03-2026 02:45;208.8;79.2;835.2
29-03-2026 03:00;206.4;79.2;825.6
29-03-2026 03:15;201.6;79.2;806.4
29-03-2026 03:30;204;79.2;816
29-03-2026 03:45;199.2;81.6;796.8
29-03-2026 04:00;196.8;81.6;787.2
29-03-2026 04:15;196.8;79.2;787.2
29-03-2026 04:30;199.2;79.2;796.8
29-03-2026 04:45;194.4;74.4;777.6
29-03-2026 05:00;194.4;76.8;777.6
29-03-2026 05:15;189.6;74.4;758.4
29-03-2026 05:30;189.6;74.4;758.4
29-03-2026 05:45;189.6;74.4;758.4
29-03-2026 06:00;187.2;76.8;748.8
29-03-2026 06:15;187.2;72;748.8
29-03-2026 06:30;187.2;74.4;748.8
29-03-2026 06:45;184.8;74.4;739.2
29-03-2026 07:00;182.4;74.4;729.6
29-03-2026 07:15;168;79.2;672
29-03-2026 07:30;156;79.2;624
29-03-2026 07:45;158.4;81.6;633.6
29-03-2026 08:00;163.2;81.6;652.8
29-03-2026 08:15;168;81.6;672
29-03-2026 08:30;177.6;81.6;710.4
29-03-2026 08:45;182.4;81.6;729.6
29-03-2026 09:00;187.2;84;748.8
29-03-2026 09:15;199.2;86.4;796.8
29-03-2026 09:30;199.2;84;796.8
29-03-2026 09:45;206.4;86.4;825.6
29-03-2026 10:00;213.6;86.4;854.4
29-03-2026 10:15;216;84;864
29-03-2026 10:30;223.2;84;892.8
29-03-2026 10:45;228;84;912
29-03-2026 11:00;237.6;81.6;950.4
29-03-2026 11:15;252;84;1008
29-03-2026 11:30;254.4;81.6;1017.6
29-03-2026 11:45;266.4;81.6;1065.6
29-03-2026 12:00;280.8;88.8;1123.2
29-03-2026 12:15;288;91.2;1152
29-03-2026 12:30;302.4;91.2;1209.6
29-03-2026 12:45;312;88.8;1248
29-03-2026 13:00;309.6;88.8;1238.4
29-03-2026 13:15;312;88.8;1248
29-03-2026 13:30;314.4;88.8;1257.6
29-03-2026 13:45;324;86.4;1296
29-03-2026 14:00;326.4;86.4;1305.6
29-03-2026 14:15;326.4;86.4;1305.6
29-03-2026 14:30;321.6;84;1286.4
29-03-2026 14:45;324;86.4;1296
29-03-2026 15:00;324;86.4;1296
29-03-2026 15:15;331.2;88.8;1324.8
29-03-2026 15:30;331.2;86.4;1324.8
29-03-2026 15:45;333.6;86.4;1334.4
29-03-2026 16:00;331.2;86.4;1324.8
29-03-2026 16:15;328.8;86.4;1315.2
29-03-2026 16:30;324;86.4;1296
29-03-2026 16:45;328.8;86.4;1315.2
29-03-2026 17:00;328.8;86.4;1315.2
29-03-2026 17:15;328.8;84;1315.2
29-03-2026 17:30;328.8;86.4;1315.2
29-03-2026 17:45;333.6;88.8;1334.4
29-03-2026 18:00;328.8;88.8;1315.2
29-03-2026 18:15;319.2;88.8;1276.8
29-03-2026 18:30;316.8;86.4;1267.2
29-03-2026 18:45;309.6;88.8;1238.4
29-03-2026 19:00;297.6;84;1190.4
29-03-2026 19:15;309.6;84;1238.4
29-03-2026 19:30;331.2;76.8;1324.8
29-03-2026 19:45;345.6;74.4;1382.4
29-03-2026 20:00;360;72;1440
29-03-2026 20:15;374.4;72;1497.6
29-03-2026 20:30;376.8;74.4;1507.2
29-03-2026 20:45;384;72;1536
29-03-2026 21:00;384;72;1536
29-03-2026 21:15;374.4;74.4;1497.6
29-03-2026 21:30;376.8;74.4;1507.2
29-03-2026 21:45;372;74.4;1488
29-03-2026 22:00;362.4;76.8;1449.6
29-03-2026 22:15;360;74.4;1440
29-03-2026 22:30;355.2;76.8;1420.8
29-03-2026 22:45;348;76.8;1392
29-03-2026 23:00;340.8;76.8;1363.2
29-03-2026 23:15;338.4;76.8;1353.6
29-03-2026 23:30;324;76.8;1296
29-03-2026 23:45;314.4;74.4;1257.6
30-03-2026 00:00;302.4;74.4;1209.6
30-03-2026 00:15;297.6;74.4;1190.4
30-03-2026 00:30;288;76.8;1152
30-03-2026 00:45;280.8;81.6;1123.2
30-03-2026 01:00;273.6;81.6;1094.4
30-03-2026 01:15;266.4;84;1065.6
30-03-2026 01:30;266.4;84;1065.6
30-03-2026 01:45;259.2;86.4;1036.8
30-03-2026 02:00;256.8;81.6;1027.2
30-03-2026 02:15;247.2;79.2;988.8
30-03-2026 02:30;244.8;81.6;979.2
30-03-2026 02:45;240;76.8;960
30-03-2026 03:00;242.4;79.2;969.6
30-03-2026 03:15;237.6;81.6;950.4
30-03-2026 03:30;235.2;79.2;940.8
30-03-2026 03:45;232.8;81.6;931.2
30-03-2026 04:00;232.8;81.6;931.2
30-03-2026 04:15;230.4;79.2;921.6
30-03-2026 04:30;228;81.6;912
30-03-2026 04:45;228;81.6;912
30-03-2026 05:00;228;81.6;912
30-03-2026 05:15;225.6;81.6;902.4
30-03-2026 05:30;228;81.6;912
30-03-2026 05:45;223.2;81.6;892.8
30-03-2026 06:00;225.6;81.6;902.4
30-03-2026 06:15;228;79.2;912
30-03-2026 06:30;225.6;76.8;902.4
30-03-2026 06:45;228;79.2;912
30-03-2026 07:00;230.4;76.8;921.6
30-03-2026 07:15;213.6;81.6;854.4
30-03-2026 07:30;206.4;86.4;825.6
30-03-2026 07:45;204;88.8;816
30-03-2026 08:00;211.2;86.4;844.8
30-03-2026 08:15;218.4;86.4;873.6
30-03-2026 08:30;223.2;88.8;892.8
30-03-2026 08:45;223.2;86.4;892.8
30-03-2026 09:00;230.4;88.8;921.6
30-03-2026 09:15;235.2;93.6;940.8
30-03-2026 09:30;244.8;93.6;979.2
30-03-2026 09:45;254.4;96;1017.6
30-03-2026 10:00;254.4;96;1017.6
30-03-2026 10:15;254.4;96;1017.6
30-03-2026 10:30;261.6;93.6;1046.4
30-03-2026 10:45;268.8;96;1075.2
30-03-2026 11:00;278.4;98.4;1113.6
30-03-2026 11:15;292.8;103.2;1171.2
30-03-2026 11:30;300;105.6;1200
30-03-2026 11:45;302.4;103.2;1209.6
30-03-2026 12:00;316.8;100.8;1267.2
30-03-2026 12:15;316.8;103.2;1267.2
30-03-2026 12:30;328.8;100.8;1315.2
30-03-2026 12:45;348;100.8;1392
30-03-2026 13:00;364.8;100.8;1459.2
30-03-2026 13:15;360;96;1440
30-03-2026 13:30;364.8;91.2;1459.2
30-03-2026 13:45;374.4;91.2;1497.6
30-03-2026 14:00;379.2;93.6;1516.8
30-03-2026 14:15;381.6;93.6;1526.4
30-03-2026 14:30;381.6;93.6;1526.4
30-03-2026 14:45;381.6;96;1526.4
30-03-2026 15:00;388.8;98.4;1555.2
30-03-2026 15:15;396;100.8;1584
30-03-2026 15:30;391.2;100.8;1564.8
30-03-2026 15:45;386.4;98.4;1545.6
30-03-2026 16:00;386.4;98.4;1545.6
30-03-2026 16:15;384;98.4;1536
30-03-2026 16:30;379.2;96;1516.8
30-03-2026 16:45;374.4;96;1497.6
30-03-2026 17:00;374.4;96;1497.6
30-03-2026 17:15;376.8;96;1507.2
30-03-2026 17:30;384;98.4;1536
30-03-2026 17:45;376.8;96;1507.2
30-03-2026 18:00;372;98.4;1488
30-03-2026 18:15;364.8;93.6;1459.2
30-03-2026 18:30;355.2;91.2;1420.8
30-03-2026 18:45;357.6;88.8;1430.4
30-03-2026 19:00;362.4;91.2;1449.6
30-03-2026 19:15;369.6;84;1478.4
30-03-2026 19:30;388.8;81.6;1555.2
30-03-2026 19:45;403.2;76.8;1612.8
30-03-2026 20:00;415.2;79.2;1660.8
30-03-2026 20:15;424.8;76.8;1699.2
30-03-2026 20:30;436.8;76.8;1747.2
30-03-2026 20:45;436.8;74.4;1747.2
30-03-2026 21:00;439.2;76.8;1756.8
30-03-2026 21:15;427.2;74.4;1708.8
30-03-2026 21:30;427.2;72;1708.8
30-03-2026 21:45;417.6;74.4;1670.4
30-03-2026 22:00;417.6;72;1670.4
30-03-2026 22:15;412.8;74.4;1651.2
30-03-2026 22:30;403.2;74.4;1612.8
30-03-2026 22:45;393.6;76.8;1574.4
30-03-2026 23:00;381.6;76.8;1526.4
30-03-2026 23:15;369.6;76.8;1478.4
30-03-2026 23:30;362.4;76.8;1449.6
30-03-2026 23:45;350.4;76.8;1401.6
31-03-2026 00:00;343.2;76.8;1372.8
31-03-2026 00:15;331.2;76.8;1324.8
31-03-2026 00:30;316.8;79.2;1267.2
31-03-2026 00:45;307.2;79.2;1228.8
31-03-2026 01:00;300;79.2;1200
31-03-2026 01:15;290.4;81.6;1161.6
31-03-2026 01:30;280.8;79.2;1123.2
31-03-2026 01:45;278.4;74.4;1113.6
31-03-2026 02:00;271.2;72;1084.8
31-03-2026 02:15;268.8;72;1075.2
31-03-2026 02:30;264;69.6;1056
31-03-2026 02:45;264;72;1056
31-03-2026 03:00;259.2;72;1036.8
31-03-2026 03:15;252;74.4;1008
31-03-2026 03:30;252;72;1008
31-03-2026 03:45;249.6;72;998.4
31-03-2026 04:00;247.2;72;988.8
31-03-2026 04:15;247.2;72;988.8
31-03-2026 04:30;240;72;960
31-03-2026 04:45;240;72;960
31-03-2026 05:00;240;72;960
31-03-2026 05:15;237.6;72;950.4
31-03-2026 05:30;235.2;72;940.8
31-03-2026 05:45;240;74.4;960
31-03-2026 06:00;240;74.4;960
31-03-2026 06:15;242.4;74.4;969.6
31-03-2026 06:30;237.6;72;950.4
31-03-2026 06:45;237.6;72;950.4
31-03-2026 07:00;235.2;72;940.8
31-03-2026 07:15;220.8;79.2;883.2
31-03-2026 07:30;206.4;81.6;825.6
31-03-2026 07:45;208.8;81.6;835.2
31-03-2026 08:00;216;86.4;864
31-03-2026 08:15;228;88.8;912
31-03-2026 08:30;235.2;88.8;940.8
31-03-2026 08:45;237.6;91.2;950.4
31-03-2026 09:00;240;91.2;960
31-03-2026 09:15;247.2;93.6;988.8
31-03-2026 09:30;256.8;93.6;1027.2
31-03-2026 09:45;264;93.6;1056
31-03-2026 10:00;268.8;100.8;1075.2
31-03-2026 10:15;271.2;98.4;1084.8
31-03-2026 10:30;283.2;96;1132.8
31-03-2026 10:45;288;96;1152
31-03-2026 11:00;300;98.4;1200
31-03-2026 11:15;307.2;93.6;1228.8
31-03-2026 11:30;314.4;98.4;1257.6
31-03-2026 11:45;319.2;96;1276.8
31-03-2026 12:00;331.2;93.6;1324.8
31-03-2026 12:15;340.8;96;1363.2
31-03-2026 12:30;350.4;96;1401.6
31-03-2026 12:45;360;96;1440
31-03-2026 13:00;367.2;96;1468.8
31-03-2026 13:15;201.6;57.6;806.4
31-03-2026 13:30;333.6;93.6;1334.4
31-03-2026 13:45;367.2;93.6;1468.8
31-03-2026 14:00;376.8;93.6;1507.2
31-03-2026 14:15;384;93.6;1536
31-03-2026 14:30;388.8;96;1555.2
31-03-2026 14:45;398.4;96;1593.6
31-03-2026 15:00;396;98.4;1584
31-03-2026 15:15;393.6;93.6;1574.4
31-03-2026 15:30;403.2;98.4;1612.8
31-03-2026 15:45;403.2;96;1612.8
31-03-2026 16:00;393.6;93.6;1574.4
31-03-2026 16:15;393.6;96;1574.4
31-03-2026 16:30;391.2;96;1564.8
31-03-2026 16:45;386.4;96;1545.6
31-03-2026 17:00;376.8;100.8;1507.2
31-03-2026 17:15;384;98.4;1536
31-03-2026 17:30;386.4;96;1545.6
31-03-2026 17:45;386.4;96;1545.6
31-03-2026 18:00;376.8;96;1507.2
31-03-2026 18:15;369.6;98.4;1478.4
31-03-2026 18:30;364.8;96;1459.2
31-03-2026 18:45;357.6;93.6;1430.4
31-03-2026 19:00;355.2;93.6;1420.8
31-03-2026 19:15;364.8;84;1459.2
31-03-2026 19:30;384;81.6;1536
31-03-2026 19:45;396;76.8;1584
31-03-2026 20:00;405.6;81.6;1622.4
31-03-2026 20:15;405.6;74.4;1622.4
31-03-2026 20:30;412.8;69.6;1651.2
31-03-2026 20:45;424.8;67.2;1699.2
31-03-2026 21:00;422.4;67.2;1689.6
31-03-2026 21:15;417.6;69.6;1670.4
31-03-2026 21:30;417.6;69.6;1670.4
31-03-2026 21:45;417.6;67.2;1670.4
31-03-2026 22:00;408;67.2;1632
31-03-2026 22:15;405.6;69.6;1622.4
31-03-2026 22:30;355.2;69.6;1420.8
31-03-2026 22:45;367.2;72;1468.8
31-03-2026 23:00;362.4;72;1449.6
31-03-2026 23:15;364.8;72;1459.2
31-03-2026 23:30;357.6;72;1430.4
31-03-2026 23:45;345.6;67.2;1382.4
01-04-2026 00:00;338.4;72;1353.6